"","CONGLOME","VIVIENDA","HOGAR","UBIGEO","DOMINIO","ESTRATO","FACTOR07","year","family_size","family_size_ame","fg_dairy_food_capita","fg_eggs_capita","fg_fruits_vegetable_other_capita","fg_fruits_vegetable_vita_capita","fg_grains_capita","fg_meatfish_capita","fg_milk_capita","fg_nuts_capita","fg_oil_capita","fg_other_capita","fg_root_capita","fbdg_ASF_capita","fbdg_dairy_capita","fbdg_fruit_capita","fbdg_oilfat_capita","fbdg_other_capita","fbdg_staple_legume_capita","fbdg_vegetable_capita","staple_legume_capita","rural_urban","department","region","area","department_name","year_treated","treated_status","treatment_group","income_net","P5566A","P5566C","juntos_participation","juntos_amount","fbdg_staple_legume_capita_score","fbdg_vegetable_capita_score","fbdg_fruit_capita_score","fbdg_dairy_capita_score","fbdg_ASF_capita_score","fbdg_oilfat_capita_score","fbdg_staple_legume_capita_score_optimal","fbdg_vegetable_capita_score_optimal","fbdg_fruit_capita_score_optimal","fbdg_dairy_capita_score_optimal","fbdg_ASF_capita_score_optimal","fbdg_oilfat_capita_score_optimal","fbdg_staple_legume_capita_log1p","fbdg_vegetable_capita_log1p","fbdg_fruit_capita_log1p","fbdg_dairy_capita_log1p","fbdg_ASF_capita_log1p","fbdg_oilfat_capita_log1p","fg_NA_capita","fbdg_NA_capita"
"1","2007_0001","010","11","010101",4,"2007_4",14.4,2007,8,6.61821739130435,NA,NA,NA,NA,NA,NA,NA,NA,NA,302.196177875298,NA,NA,NA,NA,NA,302.196177875298,NA,NA,NA,"1","01","Coast","1","amazonas","2011","not_yet_treated","control_grp",27134.1615802095,2,NA,"non_participant",NA,NA,NA,NA,NA,NA,NA,NA,NA,NA,NA,NA,NA,NA,NA,NA,NA,NA,NA,NA,NA
"2","2007_0001","010","11","010101",4,"2007_4",14.4,2007,8,6.61821739130435,NA,NA,NA,NA,NA,NA,NA,NA,NA,302.196177875298,NA,NA,NA,NA,NA,302.196177875298,NA,NA,NA,"1","01","Coast","1","amazonas","2011","not_yet_treated","control_grp",27134.1615802095,2,NA,"non_participant",NA,NA,NA,NA,NA,NA,NA,NA,NA,NA,NA,NA,NA,NA,NA,NA,NA,NA,NA,NA,NA
"3","2007_0001","010","11","010101",4,"2007_4",14.4,2007,8,6.61821739130435,NA,NA,NA,NA,NA,NA,NA,NA,NA,302.196177875298,NA,NA,NA,NA,NA,302.196177875298,NA,NA,NA,"1","01","Coast","1","amazonas","2011","not_yet_treated","control_grp",27134.1615802095,2,NA,"non_participant",NA,NA,NA,NA,NA,NA,NA,NA,NA,NA,NA,NA,NA,NA,NA,NA,NA,NA,NA,NA,NA
"4","2007_0001","010","11","010101",4,"2007_4",14.4,2007,8,6.61821739130435,NA,NA,NA,NA,NA,NA,NA,NA,NA,302.196177875298,NA,NA,NA,NA,NA,302.196177875298,NA,NA,NA,"1","01","Coast","1","amazonas","2011","not_yet_treated","control_grp",27134.1615802095,2,NA,"non_participant",NA,NA,NA,NA,NA,NA,NA,NA,NA,NA,NA,NA,NA,NA,NA,NA,NA,NA,NA,NA,NA
"5","2007_0001","010","11","010101",4,"2007_4",14.4,2007,8,6.61821739130435,NA,NA,NA,NA,NA,NA,NA,NA,NA,302.196177875298,NA,NA,NA,NA,NA,302.196177875298,NA,NA,NA,"1","01","Coast","1","amazonas","2011","not_yet_treated","control_grp",27134.1615802095,2,NA,"non_participant",NA,NA,NA,NA,NA,NA,NA,NA,NA,NA,NA,NA,NA,NA,NA,NA,NA,NA,NA,NA,NA
"6","2007_0001","010","11","010101",4,"2007_4",14.4,2007,8,6.61821739130435,NA,NA,NA,NA,NA,NA,NA,NA,NA,302.196177875298,NA,NA,NA,NA,NA,302.196177875298,NA,NA,NA,"1","01","Coast","1","amazonas","2011","not_yet_treated","control_grp",27134.1615802095,2,NA,"non_participant",NA,NA,NA,NA,NA,NA,NA,NA,NA,NA,NA,NA,NA,NA,NA,NA,NA,NA,NA,NA,NA
"7","2007_0001","019","11","010101",4,"2007_4",14.4,2007,5,4.15652173913043,143.901771399523,107.926328549642,2257.38408999075,403.67444831137,6186.42709107262,2873.83829299131,449.693035623509,168.634888358816,115.795956673054,1644.84415008016,2200.19812562729,2981.76462154095,593.594807023032,1498.52709237607,115.795956673054,1644.84415008016,8555.26010505872,1162.53144592604,8555.26010505872,"1","01","Coast","1","amazonas","2011","not_yet_treated","control_grp",31028.3405826156,2,NA,"non_participant",NA,2,2,2,1,2,2,0,0,0,1,0,0,9.05441847005096,7.05921500938704,7.31290506563243,6.38788017696217,8.00060587477757,4.7604284522697,NA,NA
"8","2007_0001","019","11","010101",4,"2007_4",14.4,2007,5,4.15652173913043,143.901771399523,107.926328549642,2257.38408999075,403.67444831137,6186.42709107262,2873.83829299131,449.693035623509,168.634888358816,115.795956673054,1644.84415008016,2200.19812562729,2981.76462154095,593.594807023032,1498.52709237607,115.795956673054,1644.84415008016,8555.26010505872,1162.53144592604,8555.26010505872,"1","01","Coast","1","amazonas","2011","not_yet_treated","control_grp",31028.3405826156,2,NA,"non_participant",NA,2,2,2,1,2,2,0,0,0,1,0,0,9.05441847005096,7.05921500938704,7.31290506563243,6.38788017696217,8.00060587477757,4.7604284522697,NA,NA
"9","2007_0001","019","11","010101",4,"2007_4",14.4,2007,5,4.15652173913043,143.901771399523,107.926328549642,2257.38408999075,403.67444831137,6186.42709107262,2873.83829299131,449.693035623509,168.634888358816,115.795956673054,1644.84415008016,2200.19812562729,2981.76462154095,593.594807023032,1498.52709237607,115.795956673054,1644.84415008016,8555.26010505872,1162.53144592604,8555.26010505872,"1","01","Coast","1","amazonas","2011","not_yet_treated","control_grp",31028.3405826156,2,NA,"non_participant",NA,2,2,2,1,2,2,0,0,0,1,0,0,9.05441847005096,7.05921500938704,7.31290506563243,6.38788017696217,8.00060587477757,4.7604284522697,NA,NA
"10","2007_0001","027","11","010101",4,"2007_4",14.4,2007,3,2.89376086956522,NA,NA,NA,NA,23.0380704113548,NA,NA,NA,NA,NA,NA,NA,NA,NA,NA,NA,23.0380704113548,NA,23.0380704113548,"1","01","Coast","1","amazonas","2011","not_yet_treated","control_grp",19683.0482138401,2,NA,"non_participant",NA,3,NA,NA,NA,NA,NA,0,NA,NA,NA,NA,NA,3.17963884069491,NA,NA,NA,NA,NA,NA,NA
"11","2007_0001","027","11","010101",4,"2007_4",14.4,2007,3,2.89376086956522,NA,NA,NA,NA,23.0380704113548,NA,NA,NA,NA,NA,NA,NA,NA,NA,NA,NA,23.0380704113548,NA,23.0380704113548,"1","01","Coast","1","amazonas","2011","not_yet_treated","control_grp",19683.0482138401,2,NA,"non_participant",NA,3,NA,NA,NA,NA,NA,0,NA,NA,NA,NA,NA,3.17963884069491,NA,NA,NA,NA,NA,NA,NA
"12","2007_0001","027","11","010101",4,"2007_4",14.4,2007,3,2.89376086956522,NA,NA,NA,NA,23.0380704113548,NA,NA,NA,NA,NA,NA,NA,NA,NA,NA,NA,23.0380704113548,NA,23.0380704113548,"1","01","Coast","1","amazonas","2011","not_yet_treated","control_grp",19683.0482138401,2,NA,"non_participant",NA,3,NA,NA,NA,NA,NA,0,NA,NA,NA,NA,NA,3.17963884069491,NA,NA,NA,NA,NA,NA,NA
"13","2007_0001","035","11","010101",4,"2007_4",14.4,2007,5,4.1174347826087,NA,NA,463.041227544795,NA,NA,NA,NA,NA,NA,1448.13874104696,NA,NA,NA,463.041227544795,NA,1448.13874104696,NA,NA,NA,"1","01","Coast","1","amazonas","2011","not_yet_treated","control_grp",19638.2339792191,2,NA,"non_participant",NA,NA,NA,2,NA,NA,NA,NA,NA,0,NA,NA,NA,NA,NA,6.13997340074634,NA,NA,NA,NA,NA
"14","2007_0001","035","11","010101",4,"2007_4",14.4,2007,5,4.1174347826087,NA,NA,463.041227544795,NA,NA,NA,NA,NA,NA,1448.13874104696,NA,NA,NA,463.041227544795,NA,1448.13874104696,NA,NA,NA,"1","01","Coast","1","amazonas","2011","not_yet_treated","control_grp",19638.2339792191,2,NA,"non_participant",NA,NA,NA,2,NA,NA,NA,NA,NA,0,NA,NA,NA,NA,NA,6.13997340074634,NA,NA,NA,NA,NA
"15","2007_0001","035","11","010101",4,"2007_4",14.4,2007,5,4.1174347826087,NA,NA,463.041227544795,NA,NA,NA,NA,NA,NA,1448.13874104696,NA,NA,NA,463.041227544795,NA,1448.13874104696,NA,NA,NA,"1","01","Coast","1","amazonas","2011","not_yet_treated","control_grp",19638.2339792191,2,NA,"non_participant",NA,NA,NA,2,NA,NA,NA,NA,NA,0,NA,NA,NA,NA,NA,6.13997340074634,NA,NA,NA,NA,NA
"16","2007_0001","035","11","010101",4,"2007_4",14.4,2007,5,4.1174347826087,NA,NA,463.041227544795,NA,NA,NA,NA,NA,NA,1448.13874104696,NA,NA,NA,463.041227544795,NA,1448.13874104696,NA,NA,NA,"1","01","Coast","1","amazonas","2011","not_yet_treated","control_grp",19638.2339792191,2,NA,"non_participant",NA,NA,NA,2,NA,NA,NA,NA,NA,0,NA,NA,NA,NA,NA,6.13997340074634,NA,NA,NA,NA,NA
"17","2007_0001","054","11","010101",4,"2007_4",14.4,2007,2,1.76086956521739,NA,NA,NA,NA,NA,NA,NA,NA,NA,NA,NA,NA,NA,NA,NA,NA,NA,NA,NA,"1","01","Coast","1","amazonas","2011","not_yet_treated","control_grp",17731.290392484,2,NA,"non_participant",NA,NA,NA,NA,NA,NA,NA,NA,NA,NA,NA,NA,NA,NA,NA,NA,NA,NA,NA,NA,NA
"18","2007_0001","054","11","010101",4,"2007_4",14.4,2007,2,1.76086956521739,NA,NA,NA,NA,NA,NA,NA,NA,NA,NA,NA,NA,NA,NA,NA,NA,NA,NA,NA,"1","01","Coast","1","amazonas","2011","not_yet_treated","control_grp",17731.290392484,2,NA,"non_participant",NA,NA,NA,NA,NA,NA,NA,NA,NA,NA,NA,NA,NA,NA,NA,NA,NA,NA,NA,NA,NA
"19","2007_0001","062","11","010101",4,"2007_4",14.4,2007,6,4.27882608695652,NA,104.841403161633,942.626143565044,NA,186.967168971579,62.322389657193,NA,NA,NA,109.209794960034,NA,167.163792818826,NA,7.79029870714912,NA,109.209794960034,186.967168971579,934.835844857895,186.967168971579,"1","01","Coast","1","amazonas","2011","not_yet_treated","control_grp",10766.1789931821,2,NA,"non_participant",NA,3,2,3,NA,2,NA,0,0,0,NA,0,NA,5.23626731444991,6.8414400816715,2.17364869373051,NA,5.12493846169604,NA,NA,NA
"20","2007_0001","062","11","010101",4,"2007_4",14.4,2007,6,4.27882608695652,NA,104.841403161633,942.626143565044,NA,186.967168971579,62.322389657193,NA,NA,NA,109.209794960034,NA,167.163792818826,NA,7.79029870714912,NA,109.209794960034,186.967168971579,934.835844857895,186.967168971579,"1","01","Coast","1","amazonas","2011","not_yet_treated","control_grp",10766.1789931821,2,NA,"non_participant",NA,3,2,3,NA,2,NA,0,0,0,NA,0,NA,5.23626731444991,6.8414400816715,2.17364869373051,NA,5.12493846169604,NA,NA,NA
"21","2007_0002","011","11","010101",4,"2007_4",15.098,2007,4,3.23913043478261,NA,NA,793.451671580004,NA,3305.08687198143,NA,NA,NA,NA,2036.60866838111,144.263940287273,NA,NA,649.18773129273,NA,2036.60866838111,3449.35081226871,144.263940287273,3449.35081226871,"1","01","Coast","1","amazonas","2011","not_yet_treated","control_grp",30184.4850800859,2,NA,"non_participant",NA,2,3,2,NA,NA,NA,0,0,0,NA,NA,NA,8.14623118957143,4.97855236556583,6.4772611385634,NA,NA,NA,NA,NA
"22","2007_0002","011","11","010101",4,"2007_4",15.098,2007,4,3.23913043478261,NA,NA,793.451671580004,NA,3305.08687198143,NA,NA,NA,NA,2036.60866838111,144.263940287273,NA,NA,649.18773129273,NA,2036.60866838111,3449.35081226871,144.263940287273,3449.35081226871,"1","01","Coast","1","amazonas","2011","not_yet_treated","control_grp",30184.4850800859,2,NA,"non_participant",NA,2,3,2,NA,NA,NA,0,0,0,NA,NA,NA,8.14623118957143,4.97855236556583,6.4772611385634,NA,NA,NA,NA,NA
"23","2007_0002","011","11","010101",4,"2007_4",15.098,2007,4,3.23913043478261,NA,NA,793.451671580004,NA,3305.08687198143,NA,NA,NA,NA,2036.60866838111,144.263940287273,NA,NA,649.18773129273,NA,2036.60866838111,3449.35081226871,144.263940287273,3449.35081226871,"1","01","Coast","1","amazonas","2011","not_yet_treated","control_grp",30184.4850800859,2,NA,"non_participant",NA,2,3,2,NA,NA,NA,0,0,0,NA,NA,NA,8.14623118957143,4.97855236556583,6.4772611385634,NA,NA,NA,NA,NA
"24","2007_0002","011","11","010101",4,"2007_4",15.098,2007,4,3.23913043478261,NA,NA,793.451671580004,NA,3305.08687198143,NA,NA,NA,NA,2036.60866838111,144.263940287273,NA,NA,649.18773129273,NA,2036.60866838111,3449.35081226871,144.263940287273,3449.35081226871,"1","01","Coast","1","amazonas","2011","not_yet_treated","control_grp",30184.4850800859,2,NA,"non_participant",NA,2,3,2,NA,NA,NA,0,0,0,NA,NA,NA,8.14623118957143,4.97855236556583,6.4772611385634,NA,NA,NA,NA,NA
"25","2007_0002","037","11","010101",4,"2007_4",15.098,2007,6,5.40641304347826,NA,NA,NA,NA,NA,NA,NA,NA,NA,NA,NA,NA,NA,NA,NA,NA,NA,NA,NA,"1","01","Coast","1","amazonas","2011","not_yet_treated","control_grp",146356.726230701,2,NA,"non_participant",NA,NA,NA,NA,NA,NA,NA,NA,NA,NA,NA,NA,NA,NA,NA,NA,NA,NA,NA,NA,NA
"26","2007_0002","037","11","010101",4,"2007_4",15.098,2007,6,5.40641304347826,NA,NA,NA,NA,NA,NA,NA,NA,NA,NA,NA,NA,NA,NA,NA,NA,NA,NA,NA,"1","01","Coast","1","amazonas","2011","not_yet_treated","control_grp",146356.726230701,2,NA,"non_participant",NA,NA,NA,NA,NA,NA,NA,NA,NA,NA,NA,NA,NA,NA,NA,NA,NA,NA,NA,NA,NA
"27","2007_0002","037","11","010101",4,"2007_4",15.098,2007,6,5.40641304347826,NA,NA,NA,NA,NA,NA,NA,NA,NA,NA,NA,NA,NA,NA,NA,NA,NA,NA,NA,"1","01","Coast","1","amazonas","2011","not_yet_treated","control_grp",146356.726230701,2,NA,"non_participant",NA,NA,NA,NA,NA,NA,NA,NA,NA,NA,NA,NA,NA,NA,NA,NA,NA,NA,NA,NA,NA
"28","2007_0002","037","11","010101",4,"2007_4",15.098,2007,6,5.40641304347826,NA,NA,NA,NA,NA,NA,NA,NA,NA,NA,NA,NA,NA,NA,NA,NA,NA,NA,NA,"1","01","Coast","1","amazonas","2011","not_yet_treated","control_grp",146356.726230701,2,NA,"non_participant",NA,NA,NA,NA,NA,NA,NA,NA,NA,NA,NA,NA,NA,NA,NA,NA,NA,NA,NA,NA,NA
"29","2007_0002","037","11","010101",4,"2007_4",15.098,2007,6,5.40641304347826,NA,NA,NA,NA,NA,NA,NA,NA,NA,NA,NA,NA,NA,NA,NA,NA,NA,NA,NA,"1","01","Coast","1","amazonas","2011","not_yet_treated","control_grp",146356.726230701,2,NA,"non_participant",NA,NA,NA,NA,NA,NA,NA,NA,NA,NA,NA,NA,NA,NA,NA,NA,NA,NA,NA,NA,NA
"30","2007_0002","037","11","010101",4,"2007_4",15.098,2007,6,5.40641304347826,NA,NA,NA,NA,NA,NA,NA,NA,NA,NA,NA,NA,NA,NA,NA,NA,NA,NA,NA,"1","01","Coast","1","amazonas","2011","not_yet_treated","control_grp",146356.726230701,2,NA,"non_participant",NA,NA,NA,NA,NA,NA,NA,NA,NA,NA,NA,NA,NA,NA,NA,NA,NA,NA,NA,NA,NA
"31","2007_0002","052","11","010101",4,"2007_4",15.098,2007,2,1.69565217391304,NA,NA,NA,NA,NA,NA,NA,3.6687004027595,NA,49.5577072500149,NA,NA,NA,NA,NA,49.5577072500149,3.6687004027595,NA,3.6687004027595,"1","01","Coast","1","amazonas","2011","not_yet_treated","control_grp",7521.64656065233,2,NA,"non_participant",NA,3,NA,NA,NA,NA,NA,0,NA,NA,NA,NA,NA,1.54088074660497,NA,NA,NA,NA,NA,NA,NA
"32","2007_0002","052","11","010101",4,"2007_4",15.098,2007,2,1.69565217391304,NA,NA,NA,NA,NA,NA,NA,3.6687004027595,NA,49.5577072500149,NA,NA,NA,NA,NA,49.5577072500149,3.6687004027595,NA,3.6687004027595,"1","01","Coast","1","amazonas","2011","not_yet_treated","control_grp",7521.64656065233,2,NA,"non_participant",NA,3,NA,NA,NA,NA,NA,0,NA,NA,NA,NA,NA,1.54088074660497,NA,NA,NA,NA,NA,NA,NA
"33","2007_0002","078","11","010101",4,"2007_4",15.098,2007,4,3.26319565217391,NA,NA,NA,NA,NA,NA,42.0855345409164,NA,NA,NA,NA,NA,42.0855345409164,NA,NA,NA,NA,NA,NA,"1","01","Coast","1","amazonas","2011","not_yet_treated","control_grp",11644.447752153,2,NA,"non_participant",NA,NA,NA,NA,3,NA,NA,NA,NA,NA,0,NA,NA,NA,NA,NA,3.76318731527408,NA,NA,NA,NA
"34","2007_0002","078","11","010101",4,"2007_4",15.098,2007,4,3.26319565217391,NA,NA,NA,NA,NA,NA,42.0855345409164,NA,NA,NA,NA,NA,42.0855345409164,NA,NA,NA,NA,NA,NA,"1","01","Coast","1","amazonas","2011","not_yet_treated","control_grp",11644.447752153,2,NA,"non_participant",NA,NA,NA,NA,3,NA,NA,NA,NA,NA,0,NA,NA,NA,NA,NA,3.76318731527408,NA,NA,NA,NA
"35","2007_0002","078","11","010101",4,"2007_4",15.098,2007,4,3.26319565217391,NA,NA,NA,NA,NA,NA,42.0855345409164,NA,NA,NA,NA,NA,42.0855345409164,NA,NA,NA,NA,NA,NA,"1","01","Coast","1","amazonas","2011","not_yet_treated","control_grp",11644.447752153,2,NA,"non_participant",NA,NA,NA,NA,3,NA,NA,NA,NA,NA,0,NA,NA,NA,NA,NA,3.76318731527408,NA,NA,NA,NA
"36","2007_0002","090","12","010101",4,"2007_4",15.098,2007,6,4.52980434782609,103.15891896091,185.686054129638,515.725822191908,NA,3635.45784940774,NA,NA,50.0836551555217,NA,190.212667493642,NA,185.686054129638,103.15891896091,117.738712840718,NA,190.212667493642,3685.54150456326,397.98710935119,3685.54150456326,"1","01","Coast","1","amazonas","2011","not_yet_treated","control_grp",39635.4276900009,2,NA,"non_participant",NA,2,2,3,3,2,NA,0,0,0,0,0,NA,8.21244403589427,5.98892910897747,4.77692538863486,4.6459177997669,5.22942835107664,NA,NA,NA
"37","2007_0002","090","12","010101",4,"2007_4",15.098,2007,6,4.52980434782609,103.15891896091,185.686054129638,515.725822191908,NA,3635.45784940774,NA,NA,50.0836551555217,NA,190.212667493642,NA,185.686054129638,103.15891896091,117.738712840718,NA,190.212667493642,3685.54150456326,397.98710935119,3685.54150456326,"1","01","Coast","1","amazonas","2011","not_yet_treated","control_grp",39635.4276900009,2,NA,"non_participant",NA,2,2,3,3,2,NA,0,0,0,0,0,NA,8.21244403589427,5.98892910897747,4.77692538863486,4.6459177997669,5.22942835107664,NA,NA,NA
"38","2007_0002","090","12","010101",4,"2007_4",15.098,2007,6,4.52980434782609,103.15891896091,185.686054129638,515.725822191908,NA,3635.45784940774,NA,NA,50.0836551555217,NA,190.212667493642,NA,185.686054129638,103.15891896091,117.738712840718,NA,190.212667493642,3685.54150456326,397.98710935119,3685.54150456326,"1","01","Coast","1","amazonas","2011","not_yet_treated","control_grp",39635.4276900009,2,NA,"non_participant",NA,2,2,3,3,2,NA,0,0,0,0,0,NA,8.21244403589427,5.98892910897747,4.77692538863486,4.6459177997669,5.22942835107664,NA,NA,NA
"39","2007_0002","090","12","010101",4,"2007_4",15.098,2007,6,4.52980434782609,103.15891896091,185.686054129638,515.725822191908,NA,3635.45784940774,NA,NA,50.0836551555217,NA,190.212667493642,NA,185.686054129638,103.15891896091,117.738712840718,NA,190.212667493642,3685.54150456326,397.98710935119,3685.54150456326,"1","01","Coast","1","amazonas","2011","not_yet_treated","control_grp",39635.4276900009,2,NA,"non_participant",NA,2,2,3,3,2,NA,0,0,0,0,0,NA,8.21244403589427,5.98892910897747,4.77692538863486,4.6459177997669,5.22942835107664,NA,NA,NA
"40","2007_0002","090","12","010101",4,"2007_4",15.098,2007,6,4.52980434782609,103.15891896091,185.686054129638,515.725822191908,NA,3635.45784940774,NA,NA,50.0836551555217,NA,190.212667493642,NA,185.686054129638,103.15891896091,117.738712840718,NA,190.212667493642,3685.54150456326,397.98710935119,3685.54150456326,"1","01","Coast","1","amazonas","2011","not_yet_treated","control_grp",39635.4276900009,2,NA,"non_participant",NA,2,2,3,3,2,NA,0,0,0,0,0,NA,8.21244403589427,5.98892910897747,4.77692538863486,4.6459177997669,5.22942835107664,NA,NA,NA
"41","2007_0002","090","22","010101",4,"2007_4",15.098,2007,3,2.28260869565217,7.3015873015873,98.26435246996,1023.58700489542,NA,720.878207981012,NA,1469.87093902982,646.897443159125,421.717846016911,2789.84779706275,409.434801958166,98.26435246996,1477.1725263314,614.15220293725,421.717846016911,2789.84779706275,1777.2104530983,409.434801958166,1777.2104530983,"1","01","Coast","1","amazonas","2011","not_yet_treated","control_grp",49934.4997158102,2,NA,"non_participant",NA,2,2,2,2,3,2,0,0,0,0,0,0,7.48336277414142,6.01721709035423,6.42186972163811,7.29856182428401,4.5977865183815,6.04670492578945,NA,NA
"42","2007_0002","090","22","010101",4,"2007_4",15.098,2007,3,2.28260869565217,7.3015873015873,98.26435246996,1023.58700489542,NA,720.878207981012,NA,1469.87093902982,646.897443159125,421.717846016911,2789.84779706275,409.434801958166,98.26435246996,1477.1725263314,614.15220293725,421.717846016911,2789.84779706275,1777.2104530983,409.434801958166,1777.2104530983,"1","01","Coast","1","amazonas","2011","not_yet_treated","control_grp",49934.4997158102,2,NA,"non_participant",NA,2,2,2,2,3,2,0,0,0,0,0,0,7.48336277414142,6.01721709035423,6.42186972163811,7.29856182428401,4.5977865183815,6.04670492578945,NA,NA
"43","2007_0002","090","22","010101",4,"2007_4",15.098,2007,3,2.28260869565217,7.3015873015873,98.26435246996,1023.58700489542,NA,720.878207981012,NA,1469.87093902982,646.897443159125,421.717846016911,2789.84779706275,409.434801958166,98.26435246996,1477.1725263314,614.15220293725,421.717846016911,2789.84779706275,1777.2104530983,409.434801958166,1777.2104530983,"1","01","Coast","1","amazonas","2011","not_yet_treated","control_grp",49934.4997158102,2,NA,"non_participant",NA,2,2,2,2,3,2,0,0,0,0,0,0,7.48336277414142,6.01721709035423,6.42186972163811,7.29856182428401,4.5977865183815,6.04670492578945,NA,NA
"44","2007_0002","116","11","010101",4,"2007_4",15.098,2007,4,3.56719565217391,1.86888169775714,NA,NA,NA,691.486228170141,NA,NA,149.510535820571,NA,235.793485231041,98.2472855129337,NA,1.86888169775714,NA,NA,235.793485231041,939.244049503646,NA,939.244049503646,"1","01","Coast","1","amazonas","2011","not_yet_treated","control_grp",14442.2599063583,2,NA,"non_participant",NA,2,NA,NA,3,NA,NA,0,NA,NA,0,NA,NA,6.8461394686983,NA,NA,1.0539223014879,NA,NA,NA,NA
"45","2007_0002","116","11","010101",4,"2007_4",15.098,2007,4,3.56719565217391,1.86888169775714,NA,NA,NA,691.486228170141,NA,NA,149.510535820571,NA,235.793485231041,98.2472855129337,NA,1.86888169775714,NA,NA,235.793485231041,939.244049503646,NA,939.244049503646,"1","01","Coast","1","amazonas","2011","not_yet_treated","control_grp",14442.2599063583,2,NA,"non_participant",NA,2,NA,NA,3,NA,NA,0,NA,NA,0,NA,NA,6.8461394686983,NA,NA,1.0539223014879,NA,NA,NA,NA
"46","2007_0002","116","11","010101",4,"2007_4",15.098,2007,4,3.56719565217391,1.86888169775714,NA,NA,NA,691.486228170141,NA,NA,149.510535820571,NA,235.793485231041,98.2472855129337,NA,1.86888169775714,NA,NA,235.793485231041,939.244049503646,NA,939.244049503646,"1","01","Coast","1","amazonas","2011","not_yet_treated","control_grp",14442.2599063583,2,NA,"non_participant",NA,2,NA,NA,3,NA,NA,0,NA,NA,0,NA,NA,6.8461394686983,NA,NA,1.0539223014879,NA,NA,NA,NA
"47","2007_0003","006","11","010101",4,"2007_4",15.098,2007,5,4.30152173913044,NA,NA,NA,NA,23.2475867994138,NA,NA,NA,NA,NA,185.98069439531,NA,NA,NA,NA,NA,209.228281194724,NA,209.228281194724,"1","01","Coast","1","amazonas","2011","not_yet_treated","control_grp",24118.4993955143,2,NA,"non_participant",NA,3,NA,NA,NA,NA,NA,0,NA,NA,NA,NA,NA,5.34819399361107,NA,NA,NA,NA,NA,NA,NA
"48","2007_0003","006","11","010101",4,"2007_4",15.098,2007,5,4.30152173913044,NA,NA,NA,NA,23.2475867994138,NA,NA,NA,NA,NA,185.98069439531,NA,NA,NA,NA,NA,209.228281194724,NA,209.228281194724,"1","01","Coast","1","amazonas","2011","not_yet_treated","control_grp",24118.4993955143,2,NA,"non_participant",NA,3,NA,NA,NA,NA,NA,0,NA,NA,NA,NA,NA,5.34819399361107,NA,NA,NA,NA,NA,NA,NA
"49","2007_0003","006","11","010101",4,"2007_4",15.098,2007,5,4.30152173913044,NA,NA,NA,NA,23.2475867994138,NA,NA,NA,NA,NA,185.98069439531,NA,NA,NA,NA,NA,209.228281194724,NA,209.228281194724,"1","01","Coast","1","amazonas","2011","not_yet_treated","control_grp",24118.4993955143,2,NA,"non_participant",NA,3,NA,NA,NA,NA,NA,0,NA,NA,NA,NA,NA,5.34819399361107,NA,NA,NA,NA,NA,NA,NA
"50","2007_0003","029","11","010101",4,"2007_4",15.098,2007,4,3.57652173913043,NA,NA,NA,NA,NA,NA,NA,NA,NA,NA,NA,NA,NA,NA,NA,NA,NA,NA,NA,"1","01","Coast","1","amazonas","2011","not_yet_treated","control_grp",44755.6124429483,2,NA,"non_participant",NA,NA,NA,NA,NA,NA,NA,NA,NA,NA,NA,NA,NA,NA,NA,NA,NA,NA,NA,NA,NA
"51","2007_0003","029","11","010101",4,"2007_4",15.098,2007,4,3.57652173913043,NA,NA,NA,NA,NA,NA,NA,NA,NA,NA,NA,NA,NA,NA,NA,NA,NA,NA,NA,"1","01","Coast","1","amazonas","2011","not_yet_treated","control_grp",44755.6124429483,2,NA,"non_participant",NA,NA,NA,NA,NA,NA,NA,NA,NA,NA,NA,NA,NA,NA,NA,NA,NA,NA,NA,NA,NA
"52","2007_0003","029","11","010101",4,"2007_4",15.098,2007,4,3.57652173913043,NA,NA,NA,NA,NA,NA,NA,NA,NA,NA,NA,NA,NA,NA,NA,NA,NA,NA,NA,"1","01","Coast","1","amazonas","2011","not_yet_treated","control_grp",44755.6124429483,2,NA,"non_participant",NA,NA,NA,NA,NA,NA,NA,NA,NA,NA,NA,NA,NA,NA,NA,NA,NA,NA,NA,NA,NA
"53","2007_0003","029","11","010101",4,"2007_4",15.098,2007,4,3.57652173913043,NA,NA,NA,NA,NA,NA,NA,NA,NA,NA,NA,NA,NA,NA,NA,NA,NA,NA,NA,"1","01","Coast","1","amazonas","2011","not_yet_treated","control_grp",44755.6124429483,2,NA,"non_participant",NA,NA,NA,NA,NA,NA,NA,NA,NA,NA,NA,NA,NA,NA,NA,NA,NA,NA,NA,NA,NA
"54","2007_0003","072","11","010101",4,"2007_4",15.098,2007,8,6.44945652173913,NA,NA,7.24541235453063,NA,NA,NA,NA,NA,NA,24.8082919019129,10.3367882924637,NA,NA,NA,NA,24.8082919019129,10.3367882924637,7.24541235453063,10.3367882924637,"1","01","Coast","1","amazonas","2011","not_yet_treated","control_grp",29657.7892898053,2,NA,"non_participant",NA,3,3,NA,NA,NA,NA,0,0,NA,NA,NA,NA,2.42805303882597,2.10965696743903,NA,NA,NA,NA,NA,NA
"55","2007_0003","072","11","010101",4,"2007_4",15.098,2007,8,6.44945652173913,NA,NA,7.24541235453063,NA,NA,NA,NA,NA,NA,24.8082919019129,10.3367882924637,NA,NA,NA,NA,24.8082919019129,10.3367882924637,7.24541235453063,10.3367882924637,"1","01","Coast","1","amazonas","2011","not_yet_treated","control_grp",29657.7892898053,2,NA,"non_participant",NA,3,3,NA,NA,NA,NA,0,0,NA,NA,NA,NA,2.42805303882597,2.10965696743903,NA,NA,NA,NA,NA,NA
"56","2007_0003","072","11","010101",4,"2007_4",15.098,2007,8,6.44945652173913,NA,NA,7.24541235453063,NA,NA,NA,NA,NA,NA,24.8082919019129,10.3367882924637,NA,NA,NA,NA,24.8082919019129,10.3367882924637,7.24541235453063,10.3367882924637,"1","01","Coast","1","amazonas","2011","not_yet_treated","control_grp",29657.7892898053,2,NA,"non_participant",NA,3,3,NA,NA,NA,NA,0,0,NA,NA,NA,NA,2.42805303882597,2.10965696743903,NA,NA,NA,NA,NA,NA
"57","2007_0003","072","11","010101",4,"2007_4",15.098,2007,8,6.44945652173913,NA,NA,7.24541235453063,NA,NA,NA,NA,NA,NA,24.8082919019129,10.3367882924637,NA,NA,NA,NA,24.8082919019129,10.3367882924637,7.24541235453063,10.3367882924637,"1","01","Coast","1","amazonas","2011","not_yet_treated","control_grp",29657.7892898053,2,NA,"non_participant",NA,3,3,NA,NA,NA,NA,0,0,NA,NA,NA,NA,2.42805303882597,2.10965696743903,NA,NA,NA,NA,NA,NA
"58","2007_0003","072","11","010101",4,"2007_4",15.098,2007,8,6.44945652173913,NA,NA,7.24541235453063,NA,NA,NA,NA,NA,NA,24.8082919019129,10.3367882924637,NA,NA,NA,NA,24.8082919019129,10.3367882924637,7.24541235453063,10.3367882924637,"1","01","Coast","1","amazonas","2011","not_yet_treated","control_grp",29657.7892898053,2,NA,"non_participant",NA,3,3,NA,NA,NA,NA,0,0,NA,NA,NA,NA,2.42805303882597,2.10965696743903,NA,NA,NA,NA,NA,NA
"59","2007_0003","072","11","010101",4,"2007_4",15.098,2007,8,6.44945652173913,NA,NA,7.24541235453063,NA,NA,NA,NA,NA,NA,24.8082919019129,10.3367882924637,NA,NA,NA,NA,24.8082919019129,10.3367882924637,7.24541235453063,10.3367882924637,"1","01","Coast","1","amazonas","2011","not_yet_treated","control_grp",29657.7892898053,1,100,"participant",100,3,3,NA,NA,NA,NA,0,0,NA,NA,NA,NA,2.42805303882597,2.10965696743903,NA,NA,NA,NA,NA,NA
"60","2007_0003","085","11","010101",4,"2007_4",15.098,2007,3,2.67391304347826,NA,NA,NA,NA,NA,NA,NA,NA,NA,NA,NA,NA,NA,NA,NA,NA,NA,NA,NA,"1","01","Coast","1","amazonas","2011","not_yet_treated","control_grp",19876.995490216,2,NA,"non_participant",NA,NA,NA,NA,NA,NA,NA,NA,NA,NA,NA,NA,NA,NA,NA,NA,NA,NA,NA,NA,NA
"61","2007_0003","085","11","010101",4,"2007_4",15.098,2007,3,2.67391304347826,NA,NA,NA,NA,NA,NA,NA,NA,NA,NA,NA,NA,NA,NA,NA,NA,NA,NA,NA,"1","01","Coast","1","amazonas","2011","not_yet_treated","control_grp",19876.995490216,2,NA,"non_participant",NA,NA,NA,NA,NA,NA,NA,NA,NA,NA,NA,NA,NA,NA,NA,NA,NA,NA,NA,NA,NA
"62","2007_0003","085","11","010101",4,"2007_4",15.098,2007,3,2.67391304347826,NA,NA,NA,NA,NA,NA,NA,NA,NA,NA,NA,NA,NA,NA,NA,NA,NA,NA,NA,"1","01","Coast","1","amazonas","2011","not_yet_treated","control_grp",19876.995490216,2,NA,"non_participant",NA,NA,NA,NA,NA,NA,NA,NA,NA,NA,NA,NA,NA,NA,NA,NA,NA,NA,NA,NA,NA
"63","2007_0003","110","11","010101",4,"2007_4",15.098,2007,4,3.78015217391304,NA,NA,NA,NA,195.414571481874,42.0296584273308,NA,NA,NA,1660.16484597921,NA,42.0296584273308,NA,NA,NA,1660.16484597921,195.414571481874,NA,195.414571481874,"1","01","Coast","1","amazonas","2011","not_yet_treated","control_grp",98165.7311210954,2,NA,"non_participant",NA,3,NA,NA,NA,3,NA,0,NA,NA,NA,0,NA,5.28022758604944,NA,NA,NA,3.7618896088067,NA,NA,NA
"64","2007_0003","110","11","010101",4,"2007_4",15.098,2007,4,3.78015217391304,NA,NA,NA,NA,195.414571481874,42.0296584273308,NA,NA,NA,1660.16484597921,NA,42.0296584273308,NA,NA,NA,1660.16484597921,195.414571481874,NA,195.414571481874,"1","01","Coast","1","amazonas","2011","not_yet_treated","control_grp",98165.7311210954,2,NA,"non_participant",NA,3,NA,NA,NA,3,NA,0,NA,NA,NA,0,NA,5.28022758604944,NA,NA,NA,3.7618896088067,NA,NA,NA
"65","2007_0003","110","11","010101",4,"2007_4",15.098,2007,4,3.78015217391304,NA,NA,NA,NA,195.414571481874,42.0296584273308,NA,NA,NA,1660.16484597921,NA,42.0296584273308,NA,NA,NA,1660.16484597921,195.414571481874,NA,195.414571481874,"1","01","Coast","1","amazonas","2011","not_yet_treated","control_grp",98165.7311210954,2,NA,"non_participant",NA,3,NA,NA,NA,3,NA,0,NA,NA,NA,0,NA,5.28022758604944,NA,NA,NA,3.7618896088067,NA,NA,NA
"66","2007_0004","009","11","010101",4,"2007_4",17.079,2007,5,4.36282608695652,13.3571811283705,257.057078313463,214.878296046863,NA,656.716570821321,682.286809372662,53.4287245134821,NA,220.640658885723,1335.41493927948,NA,939.343887686126,66.7859056418526,214.214231927886,220.640658885723,1335.41493927948,656.716570821321,0.664064118976447,656.716570821321,"1","01","Coast","1","amazonas","2011","not_yet_treated","control_grp",95770.008909251,2,NA,"non_participant",NA,2,3,3,3,2,2,0,0,0,0,0,0,6.48877409509607,0.509262874695369,5.3716339595948,4.21635429194741,6.84624564632562,5.40105741676915,NA,NA
"67","2007_0004","009","11","010101",4,"2007_4",17.079,2007,5,4.36282608695652,13.3571811283705,257.057078313463,214.878296046863,NA,656.716570821321,682.286809372662,53.4287245134821,NA,220.640658885723,1335.41493927948,NA,939.343887686126,66.7859056418526,214.214231927886,220.640658885723,1335.41493927948,656.716570821321,0.664064118976447,656.716570821321,"1","01","Coast","1","amazonas","2011","not_yet_treated","control_grp",95770.008909251,2,NA,"non_participant",NA,2,3,3,3,2,2,0,0,0,0,0,0,6.48877409509607,0.509262874695369,5.3716339595948,4.21635429194741,6.84624564632562,5.40105741676915,NA,NA
"68","2007_0004","009","11","010101",4,"2007_4",17.079,2007,5,4.36282608695652,13.3571811283705,257.057078313463,214.878296046863,NA,656.716570821321,682.286809372662,53.4287245134821,NA,220.640658885723,1335.41493927948,NA,939.343887686126,66.7859056418526,214.214231927886,220.640658885723,1335.41493927948,656.716570821321,0.664064118976447,656.716570821321,"1","01","Coast","1","amazonas","2011","not_yet_treated","control_grp",95770.008909251,2,NA,"non_participant",NA,2,3,3,3,2,2,0,0,0,0,0,0,6.48877409509607,0.509262874695369,5.3716339595948,4.21635429194741,6.84624564632562,5.40105741676915,NA,NA
"69","2007_0004","009","11","010101",4,"2007_4",17.079,2007,5,4.36282608695652,13.3571811283705,257.057078313463,214.878296046863,NA,656.716570821321,682.286809372662,53.4287245134821,NA,220.640658885723,1335.41493927948,NA,939.343887686126,66.7859056418526,214.214231927886,220.640658885723,1335.41493927948,656.716570821321,0.664064118976447,656.716570821321,"1","01","Coast","1","amazonas","2011","not_yet_treated","control_grp",95770.008909251,2,NA,"non_participant",NA,2,3,3,3,2,2,0,0,0,0,0,0,6.48877409509607,0.509262874695369,5.3716339595948,4.21635429194741,6.84624564632562,5.40105741676915,NA,NA
"70","2007_0004","009","11","010101",4,"2007_4",17.079,2007,5,4.36282608695652,13.3571811283705,257.057078313463,214.878296046863,NA,656.716570821321,682.286809372662,53.4287245134821,NA,220.640658885723,1335.41493927948,NA,939.343887686126,66.7859056418526,214.214231927886,220.640658885723,1335.41493927948,656.716570821321,0.664064118976447,656.716570821321,"1","01","Coast","1","amazonas","2011","not_yet_treated","control_grp",95770.008909251,2,NA,"non_participant",NA,2,3,3,3,2,2,0,0,0,0,0,0,6.48877409509607,0.509262874695369,5.3716339595948,4.21635429194741,6.84624564632562,5.40105741676915,NA,NA
"71","2007_0004","024","11","010101",4,"2007_4",17.079,2007,1,0.804347826086956,NA,NA,NA,NA,NA,NA,NA,NA,NA,NA,NA,NA,NA,NA,NA,NA,NA,NA,NA,"1","01","Coast","1","amazonas","2011","not_yet_treated","control_grp",45575.7544698266,2,NA,"non_participant",NA,NA,NA,NA,NA,NA,NA,NA,NA,NA,NA,NA,NA,NA,NA,NA,NA,NA,NA,NA,NA
"72","2007_0004","038","11","010101",4,"2007_4",17.079,2007,2,1.5,NA,NA,NA,NA,155.400155400155,160,NA,NA,NA,NA,NA,160,NA,NA,NA,NA,155.400155400155,NA,155.400155400155,"1","01","Coast","1","amazonas","2011","not_yet_treated","control_grp",61256.4256800521,2,NA,"non_participant",NA,3,NA,NA,NA,2,NA,0,NA,NA,NA,0,NA,5.05241782171785,NA,NA,NA,5.08140436498446,NA,NA,NA
"73","2007_0004","038","11","010101",4,"2007_4",17.079,2007,2,1.5,NA,NA,NA,NA,155.400155400155,160,NA,NA,NA,NA,NA,160,NA,NA,NA,NA,155.400155400155,NA,155.400155400155,"1","01","Coast","1","amazonas","2011","not_yet_treated","control_grp",61256.4256800521,2,NA,"non_participant",NA,3,NA,NA,NA,2,NA,0,NA,NA,NA,0,NA,5.05241782171785,NA,NA,NA,5.08140436498446,NA,NA,NA
"74","2007_0004","080","11","010101",4,"2007_4",17.079,2007,2,1.67391304347826,NA,22.2980751752136,NA,NA,1188.47756604766,199.134199134199,NA,NA,NA,NA,NA,221.432274309413,NA,NA,NA,NA,1188.47756604766,NA,1188.47756604766,"1","01","Coast","1","amazonas","2011","not_yet_treated","control_grp",36834.7564832539,2,NA,"non_participant",NA,2,NA,NA,NA,2,NA,0,NA,NA,NA,0,NA,7.08126946958001,NA,NA,NA,5.4046226701455,NA,NA,NA
"75","2007_0004","080","11","010101",4,"2007_4",17.079,2007,2,1.67391304347826,NA,22.2980751752136,NA,NA,1188.47756604766,199.134199134199,NA,NA,NA,NA,NA,221.432274309413,NA,NA,NA,NA,1188.47756604766,NA,1188.47756604766,"1","01","Coast","1","amazonas","2011","not_yet_treated","control_grp",36834.7564832539,2,NA,"non_participant",NA,2,NA,NA,NA,2,NA,0,NA,NA,NA,0,NA,7.08126946958001,NA,NA,NA,5.4046226701455,NA,NA,NA
"76","2007_0005","008","11","010101",4,"2007_4",7.776,2007,5,3.71919565217391,NA,NA,NA,NA,NA,NA,NA,NA,NA,NA,NA,NA,NA,NA,NA,NA,NA,NA,NA,"1","01","Coast","1","amazonas","2011","not_yet_treated","control_grp",58118.81555689,2,NA,"non_participant",NA,NA,NA,NA,NA,NA,NA,NA,NA,NA,NA,NA,NA,NA,NA,NA,NA,NA,NA,NA,NA
"77","2007_0005","008","11","010101",4,"2007_4",7.776,2007,5,3.71919565217391,NA,NA,NA,NA,NA,NA,NA,NA,NA,NA,NA,NA,NA,NA,NA,NA,NA,NA,NA,"1","01","Coast","1","amazonas","2011","not_yet_treated","control_grp",58118.81555689,2,NA,"non_participant",NA,NA,NA,NA,NA,NA,NA,NA,NA,NA,NA,NA,NA,NA,NA,NA,NA,NA,NA,NA,NA
"78","2007_0005","008","11","010101",4,"2007_4",7.776,2007,5,3.71919565217391,NA,NA,NA,NA,NA,NA,NA,NA,NA,NA,NA,NA,NA,NA,NA,NA,NA,NA,NA,"1","01","Coast","1","amazonas","2011","not_yet_treated","control_grp",58118.81555689,2,NA,"non_participant",NA,NA,NA,NA,NA,NA,NA,NA,NA,NA,NA,NA,NA,NA,NA,NA,NA,NA,NA,NA,NA
"79","2007_0005","008","11","010101",4,"2007_4",7.776,2007,5,3.71919565217391,NA,NA,NA,NA,NA,NA,NA,NA,NA,NA,NA,NA,NA,NA,NA,NA,NA,NA,NA,"1","01","Coast","1","amazonas","2011","not_yet_treated","control_grp",58118.81555689,2,NA,"non_participant",NA,NA,NA,NA,NA,NA,NA,NA,NA,NA,NA,NA,NA,NA,NA,NA,NA,NA,NA,NA,NA
"80","2007_0005","033","11","010101",4,"2007_4",7.776,2007,1,1,NA,NA,2803.73831775701,NA,NA,NA,NA,NA,NA,NA,NA,NA,NA,2803.73831775701,NA,NA,NA,NA,NA,"1","01","Coast","1","amazonas","2011","not_yet_treated","control_grp",32252.2788573539,2,NA,"non_participant",NA,NA,NA,2,NA,NA,NA,NA,NA,0,NA,NA,NA,NA,NA,7.93906552225266,NA,NA,NA,NA,NA
"81","2007_0005","046","11","010101",4,"2007_4",7.776,2007,5,4.06484782608696,NA,NA,NA,NA,NA,NA,NA,NA,NA,118.407485792226,NA,NA,NA,NA,NA,118.407485792226,NA,NA,NA,"1","01","Coast","1","amazonas","2011","not_yet_treated","control_grp",27237.8523574479,2,NA,"non_participant",NA,NA,NA,NA,NA,NA,NA,NA,NA,NA,NA,NA,NA,NA,NA,NA,NA,NA,NA,NA,NA
"82","2007_0005","046","11","010101",4,"2007_4",7.776,2007,5,4.06484782608696,NA,NA,NA,NA,NA,NA,NA,NA,NA,118.407485792226,NA,NA,NA,NA,NA,118.407485792226,NA,NA,NA,"1","01","Coast","1","amazonas","2011","not_yet_treated","control_grp",27237.8523574479,2,NA,"non_participant",NA,NA,NA,NA,NA,NA,NA,NA,NA,NA,NA,NA,NA,NA,NA,NA,NA,NA,NA,NA,NA
"83","2007_0005","046","11","010101",4,"2007_4",7.776,2007,5,4.06484782608696,NA,NA,NA,NA,NA,NA,NA,NA,NA,118.407485792226,NA,NA,NA,NA,NA,118.407485792226,NA,NA,NA,"1","01","Coast","1","amazonas","2011","not_yet_treated","control_grp",27237.8523574479,2,NA,"non_participant",NA,NA,NA,NA,NA,NA,NA,NA,NA,NA,NA,NA,NA,NA,NA,NA,NA,NA,NA,NA,NA
"84","2007_0005","046","11","010101",4,"2007_4",7.776,2007,5,4.06484782608696,NA,NA,NA,NA,NA,NA,NA,NA,NA,118.407485792226,NA,NA,NA,NA,NA,118.407485792226,NA,NA,NA,"1","01","Coast","1","amazonas","2011","not_yet_treated","control_grp",27237.8523574479,2,NA,"non_participant",NA,NA,NA,NA,NA,NA,NA,NA,NA,NA,NA,NA,NA,NA,NA,NA,NA,NA,NA,NA,NA
"85","2007_0005","068","11","010101",4,"2007_4",7.776,2007,4,3.45652173913043,NA,32.3701455776928,NA,NA,139.667157036228,11.4644265587662,NA,NA,152.765532240052,353.618760154324,NA,43.8345721364589,NA,NA,152.765532240052,353.618760154324,139.667157036228,NA,139.667157036228,"1","01","Coast","1","amazonas","2011","not_yet_treated","control_grp",72267.8922072074,2,NA,"non_participant",NA,3,NA,NA,NA,3,2,0,NA,NA,NA,0,0,4.94639651140136,NA,NA,NA,3.80297954128853,5.0354289242837,NA,NA
"86","2007_0005","068","11","010101",4,"2007_4",7.776,2007,4,3.45652173913043,NA,32.3701455776928,NA,NA,139.667157036228,11.4644265587662,NA,NA,152.765532240052,353.618760154324,NA,43.8345721364589,NA,NA,152.765532240052,353.618760154324,139.667157036228,NA,139.667157036228,"1","01","Coast","1","amazonas","2011","not_yet_treated","control_grp",72267.8922072074,2,NA,"non_participant",NA,3,NA,NA,NA,3,2,0,NA,NA,NA,0,0,4.94639651140136,NA,NA,NA,3.80297954128853,5.0354289242837,NA,NA
"87","2007_0005","068","11","010101",4,"2007_4",7.776,2007,4,3.45652173913043,NA,32.3701455776928,NA,NA,139.667157036228,11.4644265587662,NA,NA,152.765532240052,353.618760154324,NA,43.8345721364589,NA,NA,152.765532240052,353.618760154324,139.667157036228,NA,139.667157036228,"1","01","Coast","1","amazonas","2011","not_yet_treated","control_grp",72267.8922072074,2,NA,"non_participant",NA,3,NA,NA,NA,3,2,0,NA,NA,NA,0,0,4.94639651140136,NA,NA,NA,3.80297954128853,5.0354289242837,NA,NA
"88","2007_0005","068","11","010101",4,"2007_4",7.776,2007,4,3.45652173913043,NA,32.3701455776928,NA,NA,139.667157036228,11.4644265587662,NA,NA,152.765532240052,353.618760154324,NA,43.8345721364589,NA,NA,152.765532240052,353.618760154324,139.667157036228,NA,139.667157036228,"1","01","Coast","1","amazonas","2011","not_yet_treated","control_grp",72267.8922072074,2,NA,"non_participant",NA,3,NA,NA,NA,3,2,0,NA,NA,NA,0,0,4.94639651140136,NA,NA,NA,3.80297954128853,5.0354289242837,NA,NA
"89","2007_0005","080","11","010101",4,"2007_4",7.776,2007,2,1.67391304347826,NA,NA,NA,NA,NA,NA,NA,0.199134199134199,NA,NA,NA,NA,NA,NA,NA,NA,0.199134199134199,NA,0.199134199134199,"1","01","Coast","1","amazonas","2011","not_yet_treated","control_grp",37103.6699431955,2,NA,"non_participant",NA,3,NA,NA,NA,NA,NA,0,NA,NA,NA,NA,NA,0.181599795665545,NA,NA,NA,NA,NA,NA,NA
"90","2007_0005","080","11","010101",4,"2007_4",7.776,2007,2,1.67391304347826,NA,NA,NA,NA,NA,NA,NA,0.199134199134199,NA,NA,NA,NA,NA,NA,NA,NA,0.199134199134199,NA,0.199134199134199,"1","01","Coast","1","amazonas","2011","not_yet_treated","control_grp",37103.6699431955,2,NA,"non_participant",NA,3,NA,NA,NA,NA,NA,0,NA,NA,NA,NA,NA,0.181599795665545,NA,NA,NA,NA,NA,NA,NA
"91","2007_0005","103","11","010101",4,"2007_4",7.776,2007,3,2.30434782608696,NA,NA,NA,NA,NA,NA,29.7987421383648,NA,NA,NA,NA,NA,29.7987421383648,NA,NA,NA,NA,NA,NA,"1","01","Coast","1","amazonas","2011","not_yet_treated","control_grp",9014.31594539579,2,NA,"non_participant",NA,NA,NA,NA,3,NA,NA,NA,NA,NA,0,NA,NA,NA,NA,NA,3.42747384948209,NA,NA,NA,NA
"92","2007_0005","103","11","010101",4,"2007_4",7.776,2007,3,2.30434782608696,NA,NA,NA,NA,NA,NA,29.7987421383648,NA,NA,NA,NA,NA,29.7987421383648,NA,NA,NA,NA,NA,NA,"1","01","Coast","1","amazonas","2011","not_yet_treated","control_grp",9014.31594539579,2,NA,"non_participant",NA,NA,NA,NA,3,NA,NA,NA,NA,NA,0,NA,NA,NA,NA,NA,3.42747384948209,NA,NA,NA,NA
"93","2007_0005","103","11","010101",4,"2007_4",7.776,2007,3,2.30434782608696,NA,NA,NA,NA,NA,NA,29.7987421383648,NA,NA,NA,NA,NA,29.7987421383648,NA,NA,NA,NA,NA,NA,"1","01","Coast","1","amazonas","2011","not_yet_treated","control_grp",9014.31594539579,2,NA,"non_participant",NA,NA,NA,NA,3,NA,NA,NA,NA,NA,0,NA,NA,NA,NA,NA,3.42747384948209,NA,NA,NA,NA
"94","2007_0006","007","11","010101",4,"2007_4",17.079,2007,4,3.27289130434783,NA,NA,NA,NA,NA,NA,NA,NA,NA,14.2775813851625,NA,NA,NA,NA,NA,14.2775813851625,NA,NA,NA,"1","01","Coast","1","amazonas","2011","not_yet_treated","control_grp",45319.8397012384,2,NA,"non_participant",NA,NA,NA,NA,NA,NA,NA,NA,NA,NA,NA,NA,NA,NA,NA,NA,NA,NA,NA,NA,NA
"95","2007_0006","007","11","010101",4,"2007_4",17.079,2007,4,3.27289130434783,NA,NA,NA,NA,NA,NA,NA,NA,NA,14.2775813851625,NA,NA,NA,NA,NA,14.2775813851625,NA,NA,NA,"1","01","Coast","1","amazonas","2011","not_yet_treated","control_grp",45319.8397012384,2,NA,"non_participant",NA,NA,NA,NA,NA,NA,NA,NA,NA,NA,NA,NA,NA,NA,NA,NA,NA,NA,NA,NA,NA
"96","2007_0006","007","11","010101",4,"2007_4",17.079,2007,4,3.27289130434783,NA,NA,NA,NA,NA,NA,NA,NA,NA,14.2775813851625,NA,NA,NA,NA,NA,14.2775813851625,NA,NA,NA,"1","01","Coast","1","amazonas","2011","not_yet_treated","control_grp",45319.8397012384,2,NA,"non_participant",NA,NA,NA,NA,NA,NA,NA,NA,NA,NA,NA,NA,NA,NA,NA,NA,NA,NA,NA,NA,NA
"97","2007_0006","028","11","010101",4,"2007_4",17.079,2007,4,3.36973913043478,NA,NA,NA,NA,NA,NA,NA,NA,NA,2439.98034315818,3.74415405511781,NA,NA,NA,NA,2439.98034315818,3.74415405511781,NA,3.74415405511781,"1","01","Coast","1","amazonas","2011","not_yet_treated","control_grp",20798.6104659008,2,NA,"non_participant",NA,3,NA,NA,NA,NA,NA,0,NA,NA,NA,NA,NA,1.55691313484393,NA,NA,NA,NA,NA,NA,NA
"98","2007_0006","028","11","010101",4,"2007_4",17.079,2007,4,3.36973913043478,NA,NA,NA,NA,NA,NA,NA,NA,NA,2439.98034315818,3.74415405511781,NA,NA,NA,NA,2439.98034315818,3.74415405511781,NA,3.74415405511781,"1","01","Coast","1","amazonas","2011","not_yet_treated","control_grp",20798.6104659008,2,NA,"non_participant",NA,3,NA,NA,NA,NA,NA,0,NA,NA,NA,NA,NA,1.55691313484393,NA,NA,NA,NA,NA,NA,NA
"99","2007_0006","028","11","010101",4,"2007_4",17.079,2007,4,3.36973913043478,NA,NA,NA,NA,NA,NA,NA,NA,NA,2439.98034315818,3.74415405511781,NA,NA,NA,NA,2439.98034315818,3.74415405511781,NA,3.74415405511781,"1","01","Coast","1","amazonas","2011","not_yet_treated","control_grp",20798.6104659008,2,NA,"non_participant",NA,3,NA,NA,NA,NA,NA,0,NA,NA,NA,NA,NA,1.55691313484393,NA,NA,NA,NA,NA,NA,NA
"100","2007_0006","059","11","010101",4,"2007_4",17.079,2007,3,2.47826086956522,NA,NA,NA,NA,NA,NA,NA,NA,NA,565.666502705361,645.614035087719,NA,NA,NA,NA,565.666502705361,645.614035087719,NA,645.614035087719,"1","01","Coast","1","amazonas","2011","not_yet_treated","control_grp",22888.8112198769,2,NA,"non_participant",NA,2,NA,NA,NA,NA,NA,0,NA,NA,NA,NA,NA,6.47174957103739,NA,NA,NA,NA,NA,NA,NA
