year,code_num,code_raw,label_text,freq
2007,3710,3710,NA,16551
2007,4205,4205,NA,14388
2007,3010,3010,NA,13398
2007,3711,3711,NA,11863
2007,4107,4107,NA,10459
2007,3011,3011,NA,9373
2007,3712,3712,NA,7792
2007,4206,4206,NA,7371
2007,3012,3012,NA,6513
2007,3106,3106,NA,6490
2007,4003,4003,NA,6283
2007,1609,1609,NA,6019
2007,2011,2011,NA,5312
2007,1506,1506,NA,5133
2007,3713,3713,NA,4680
2007,4108,4108,NA,4437
2007,3013,3013,NA,4291
2007,206,206,NA,3996
2007,4806,4806,NA,3851
2007,5005,5005,NA,3386
2007,2904,2904,NA,3384
2007,4706,4706,NA,3167
2007,108,108,NA,3076
2007,4207,4207,NA,3072
2007,506,506,NA,2979
2007,1107,1107,NA,2597
2007,4904,4904,NA,2591
2007,3714,3714,NA,2562
2007,1804,1804,NA,2516
2007,3014,3014,NA,2464
2007,1610,1610,NA,2207
2007,3606,3606,NA,2007
2007,810,810,NA,1788
2007,4109,4109,NA,1763
2007,5006,5006,NA,1745
2007,4305,4305,NA,1619
2007,3107,3107,NA,1553
2007,2012,2012,NA,1531
2007,1404,1404,NA,1517
2007,3015,3015,NA,1430
2007,3904,3904,NA,1386
2007,4603,4603,NA,1350
2007,2105,2105,NA,1275
2007,3715,3715,NA,1270
2007,2305,2305,NA,1162
2007,4406,4406,NA,875
2007,4807,4807,NA,848
2007,4707,4707,NA,841
2007,907,907,NA,840
2007,2405,2405,NA,809
2007,3404,3404,NA,794
2007,5007,5007,NA,783
2007,2205,2205,NA,781
2007,3016,3016,NA,748
2007,4110,4110,NA,695
2007,1611,1611,NA,689
2007,4208,4208,NA,684
2007,3716,3716,NA,603
2007,1703,1703,NA,540
2007,4905,4905,NA,529
2007,207,207,NA,517
2007,1507,1507,NA,492
2007,4004,4004,NA,486
2007,3802,3802,NA,482
2007,2013,2013,NA,448
2007,1405,1405,NA,446
2007,5008,5008,NA,359
2007,507,507,NA,333
2007,3017,3017,NA,330
2007,4708,4708,NA,306
2007,305,305,NA,302
2007,3108,3108,NA,290
2007,4111,4111,NA,288
2007,109,109,NA,285
2007,3717,3717,NA,281
2007,2905,2905,NA,266
2007,1406,1406,NA,252
2007,3607,3607,NA,237
2007,1108,1108,NA,229
2007,3503,3503,NA,219
2007,1002,1002,NA,216
2007,1805,1805,NA,204
2007,811,811,NA,189
2007,1612,1612,NA,187
2007,4808,4808,NA,176
2007,5009,5009,NA,175
2007,3018,3018,NA,167
2007,1407,1407,NA,148
2007,4209,4209,NA,148
2007,4604,4604,NA,143
2007,704,704,NA,134
2007,4306,4306,NA,126
2007,1408,1408,NA,115
2007,3718,3718,NA,114
2007,4906,4906,NA,112
2007,2014,2014,NA,111
2007,1409,1409,NA,108
2007,4112,4112,NA,88
2007,3905,3905,NA,86
2007,2703,2703,NA,82
2007,1613,1613,NA,80
2007,3019,3019,NA,80
2007,3204,3204,NA,79
2007,2206,2206,NA,66
2007,208,208,NA,62
2007,1704,1704,NA,60
2007,812,812,NA,42
2007,1614,1614,NA,42
2007,407,407,NA,41
2007,3109,3109,NA,41
2007,4809,4809,NA,41
2007,908,908,NA,37
2007,4502,4502,NA,36
2007,4113,4113,NA,34
2007,4210,4210,NA,34
2007,2106,2106,NA,33
2007,3719,3719,NA,33
2007,1508,1508,NA,32
2007,4709,4709,NA,32
2007,603,603,NA,31
2007,1003,1003,NA,25
2007,1806,1806,NA,25
2007,4005,4005,NA,24
2007,2306,2306,NA,23
2007,1109,1109,NA,22
2007,4407,4407,NA,20
2007,4605,4605,NA,20
2007,4907,4907,NA,20
2007,110,110,NA,19
2007,3304,3304,NA,19
2007,508,508,NA,17
2007,2015,2015,NA,16
2007,2906,2906,NA,15
2007,4114,4114,NA,14
2007,4810,4810,NA,14
2007,1615,1615,NA,12
2007,306,306,NA,11
2007,1905,1905,NA,10
2007,2207,2207,NA,9
2007,2603,2603,NA,8
2007,4710,4710,NA,8
2007,2406,2406,NA,7
2007,3405,3405,NA,7
2007,3608,3608,NA,7
2007,4115,4115,NA,7
2007,4307,4307,NA,7
2007,209,209,NA,6
2007,2503,2503,NA,6
2007,1004,1004,NA,5
2007,4211,4211,NA,5
2007,2804,2804,NA,4
2007,3906,3906,NA,4
2007,3110,3110,NA,3
2007,4711,4711,NA,3
2007,408,408,NA,2
2007,705,705,NA,2
2007,813,813,NA,2
2007,909,909,NA,2
2007,1202,1202,NA,2
2007,1509,1509,NA,2
2007,1705,1705,NA,2
2007,2016,2016,NA,2
2007,2107,2107,NA,2
2007,4811,4811,NA,2
2007,4908,4908,NA,2
2007,4909,4909,NA,2
2007,4910,4910,NA,2
2007,111,111,NA,1
2007,814,814,NA,1
2007,1110,1110,NA,1
2007,1302,1302,NA,1
2007,1410,1410,NA,1
2007,1616,1616,NA,1
2007,1807,1807,NA,1
2007,1906,1906,NA,1
2007,2017,2017,NA,1
2007,2018,2018,NA,1
2007,2108,2108,NA,1
2007,2407,2407,NA,1
2007,2704,2704,NA,1
2007,4308,4308,NA,1
2007,4606,4606,NA,1
2007,4607,4607,NA,1
2007,4812,4812,NA,1
2007,4911,4911,NA,1
2008,3710,3710,NA,16039
2008,4205,4205,NA,13702
2008,3010,3010,NA,13644
2008,3711,3711,NA,11445
2008,4107,4107,NA,11098
2008,3011,3011,NA,9581
2008,3712,3712,NA,7560
2008,4206,4206,NA,7346
2008,3012,3012,NA,6683
2008,4003,4003,NA,6134
2008,1609,1609,NA,5895
2008,3106,3106,NA,5746
2008,2011,2011,NA,5104
2008,1506,1506,NA,5059
2008,4108,4108,NA,4820
2008,3013,3013,NA,4448
2008,3713,3713,NA,4418
2008,206,0206,NA,4323
2008,5005,5005,NA,4277
2008,4806,4806,NA,3805
2008,4706,4706,NA,3524
2008,2904,2904,NA,3522
2008,506,0506,NA,3517
2008,108,0108,NA,3324
2008,4207,4207,NA,3109
2008,1804,1804,NA,2741
2008,4904,4904,NA,2671
2008,3014,3014,NA,2651
2008,1107,1107,NA,2642
2008,3714,3714,NA,2427
2008,5006,5006,NA,2401
2008,1610,1610,NA,2100
2008,3606,3606,NA,2096
2008,4109,4109,NA,1903
2008,2105,2105,NA,1819
2008,4603,4603,NA,1594
2008,810,0810,NA,1553
2008,3015,3015,NA,1546
2008,4305,4305,NA,1487
2008,1404,1404,NA,1413
2008,2012,2012,NA,1395
2008,3904,3904,NA,1335
2008,2305,2305,NA,1262
2008,3107,3107,NA,1239
2008,3715,3715,NA,1221
2008,5007,5007,NA,1166
2008,4707,4707,NA,992
2008,3016,3016,NA,845
2008,4807,4807,NA,839
2008,4406,4406,NA,834
2008,907,0907,NA,788
2008,2405,2405,NA,759
2008,4110,4110,NA,754
2008,2205,2205,NA,736
2008,3404,3404,NA,708
2008,4208,4208,NA,702
2008,1611,1611,NA,659
2008,207,0207,NA,635
2008,3716,3716,NA,596
2008,4004,4004,NA,545
2008,4905,4905,NA,539
2008,5008,5008,NA,539
2008,1703,1703,NA,538
2008,3802,3802,NA,512
2008,1507,1507,NA,502
2008,2013,2013,NA,435
2008,507,0507,NA,430
2008,1405,1405,NA,423
2008,305,0305,NA,365
2008,4708,4708,NA,350
2008,3017,3017,NA,323
2008,109,0109,NA,312
2008,2905,2905,NA,285
2008,3607,3607,NA,284
2008,4111,4111,NA,284
2008,3717,3717,NA,282
2008,5009,5009,NA,264
2008,3503,3503,NA,256
2008,1002,1002,NA,246
2008,1406,1406,NA,241
2008,4604,4604,NA,230
2008,1805,1805,NA,215
2008,1108,1108,NA,211
2008,3108,3108,NA,205
2008,4808,4808,NA,167
2008,3018,3018,NA,162
2008,811,0811,NA,160
2008,4209,4209,NA,147
2008,1407,1407,NA,138
2008,2014,2014,NA,122
2008,3718,3718,NA,119
2008,4306,4306,NA,113
2008,4906,4906,NA,113
2008,1408,1408,NA,107
2008,704,0704,NA,101
2008,1612,1612,NA,98
2008,1409,1409,NA,95
2008,4112,4112,NA,95
2008,2206,2206,NA,90
2008,407,0407,NA,68
2008,3905,3905,NA,68
2008,3204,3204,NA,66
2008,3019,3019,NA,62
2008,4709,4709,NA,62
2008,2703,2703,NA,58
2008,2106,2106,NA,56
2008,208,0208,NA,55
2008,4605,4605,NA,54
2008,1704,1704,NA,48
2008,4113,4113,NA,40
2008,4809,4809,NA,40
2008,3719,3719,NA,34
2008,4502,4502,NA,33
2008,812,0812,NA,29
2008,3109,3109,NA,29
2008,908,0908,NA,26
2008,4907,4907,NA,26
2008,1508,1508,NA,25
2008,1806,1806,NA,24
2008,4210,4210,NA,24
2008,2015,2015,NA,23
2008,2906,2906,NA,23
2008,3304,3304,NA,21
2008,4005,4005,NA,20
2008,4407,4407,NA,20
2008,110,0110,NA,19
2008,603,0603,NA,19
2008,1003,1003,NA,19
2008,2306,2306,NA,19
2008,508,0508,NA,18
2008,4114,4114,NA,18
2008,4710,4710,NA,18
2008,1109,1109,NA,17
2008,2406,2406,NA,16
2008,2503,2503,NA,15
2008,1613,1613,NA,13
2008,408,0408,NA,10
2008,4810,4810,NA,10
2008,2207,2207,NA,9
2008,1905,1905,NA,8
2008,4307,4307,NA,8
2008,3608,3608,NA,7
2008,306,0306,NA,6
2008,2016,2016,NA,6
2008,2804,2804,NA,6
2008,4115,4115,NA,6
2008,209,0209,NA,5
2008,3110,3110,NA,5
2008,4711,4711,NA,5
2008,4908,4908,NA,5
2008,409,0409,NA,4
2008,1705,1705,NA,4
2008,3405,3405,NA,4
2008,3906,3906,NA,4
2008,4006,4006,NA,4
2008,4211,4211,NA,4
2008,4606,4606,NA,4
2008,813,0813,NA,3
2008,705,0705,NA,2
2008,2407,2407,NA,2
2008,4116,4116,NA,2
2008,4117,4117,NA,2
2008,4712,4712,NA,2
2008,4811,4811,NA,2
2008,4909,4909,NA,2
2008,111,0111,NA,1
2008,210,0210,NA,1
2008,509,0509,NA,1
2008,1004,1004,NA,1
2008,1110,1110,NA,1
2008,1202,1202,NA,1
2008,1410,1410,NA,1
2008,1509,1509,NA,1
2008,1510,1510,NA,1
2008,1614,1614,NA,1
2008,1807,1807,NA,1
2008,2107,2107,NA,1
2008,2208,2208,NA,1
2008,2704,2704,NA,1
2008,3803,3803,NA,1
2008,4118,4118,NA,1
2008,4308,4308,NA,1
2008,4503,4503,NA,1
2008,4607,4607,NA,1
2008,4812,4812,NA,1
2008,4813,4813,NA,1
2008,4910,4910,NA,1
2009,3710,3710,NA,16566
2009,4205,4205,NA,14529
2009,3010,3010,NA,14171
2009,3711,3711,NA,12191
2009,4107,4107,NA,11670
2009,3011,3011,NA,10031
2009,3712,3712,NA,8233
2009,4206,4206,NA,7880
2009,3012,3012,NA,7060
2009,4003,4003,NA,6785
2009,1609,1609,NA,6441
2009,2011,2011,NA,5919
2009,3106,3106,NA,5855
2009,4108,4108,NA,5294
2009,1506,1506,NA,5287
2009,3713,3713,NA,5129
2009,206,0206,NA,4941
2009,5005,5005,NA,4753
2009,3013,3013,NA,4744
2009,4806,4806,NA,4333
2009,4706,4706,NA,4257
2009,108,0108,NA,4162
2009,506,0506,NA,4024
2009,2904,2904,NA,3964
2009,4207,4207,NA,3432
2009,1804,1804,NA,3290
2009,1107,1107,NA,3084
2009,4904,4904,NA,2920
2009,3714,3714,NA,2905
2009,3014,3014,NA,2846
2009,5006,5006,NA,2811
2009,2105,2105,NA,2781
2009,1610,1610,NA,2499
2009,3606,3606,NA,2342
2009,4109,4109,NA,2240
2009,4603,4603,NA,2092
2009,3015,3015,NA,1702
2009,810,0810,NA,1663
2009,2012,2012,NA,1650
2009,4305,4305,NA,1616
2009,3715,3715,NA,1564
2009,2305,2305,NA,1482
2009,3904,3904,NA,1447
2009,1404,1404,NA,1436
2009,5007,5007,NA,1396
2009,4707,4707,NA,1307
2009,3107,3107,NA,1274
2009,4807,4807,NA,1058
2009,2405,2405,NA,1023
2009,1611,1611,NA,969
2009,3016,3016,NA,966
2009,407,0407,NA,954
2009,4406,4406,NA,937
2009,4110,4110,NA,930
2009,4208,4208,NA,924
2009,907,0907,NA,865
2009,2205,2205,NA,855
2009,207,0207,NA,792
2009,3716,3716,NA,767
2009,4004,4004,NA,724
2009,3404,3404,NA,716
2009,1703,1703,NA,644
2009,5008,5008,NA,640
2009,4905,4905,NA,618
2009,3802,3802,NA,607
2009,1507,1507,NA,591
2009,2013,2013,NA,561
2009,4708,4708,NA,520
2009,305,0305,NA,517
2009,507,0507,NA,426
2009,1405,1405,NA,415
2009,109,0109,NA,410
2009,3017,3017,NA,402
2009,3717,3717,NA,383
2009,4111,4111,NA,378
2009,1805,1805,NA,335
2009,4604,4604,NA,329
2009,2905,2905,NA,325
2009,3607,3607,NA,311
2009,1108,1108,NA,307
2009,5009,5009,NA,305
2009,3503,3503,NA,275
2009,1612,1612,NA,254
2009,3108,3108,NA,241
2009,4808,4808,NA,241
2009,3018,3018,NA,231
2009,1406,1406,NA,218
2009,4209,4209,NA,190
2009,811,0811,NA,182
2009,1002,1002,NA,173
2009,3718,3718,NA,171
2009,2014,2014,NA,162
2009,704,0704,NA,141
2009,4906,4906,NA,140
2009,2106,2106,NA,128
2009,1407,1407,NA,126
2009,4306,4306,NA,125
2009,4112,4112,NA,120
2009,1905,1905,NA,117
2009,2206,2206,NA,115
2009,3019,3019,NA,112
2009,4709,4709,NA,103
2009,208,0208,NA,99
2009,2703,2703,NA,96
2009,1408,1408,NA,94
2009,1409,1409,NA,83
2009,1704,1704,NA,72
2009,1613,1613,NA,70
2009,3204,3204,NA,58
2009,3905,3905,NA,58
2009,4605,4605,NA,56
2009,4809,4809,NA,55
2009,3719,3719,NA,54
2009,4113,4113,NA,53
2009,2015,2015,NA,48
2009,4210,4210,NA,43
2009,1508,1508,NA,41
2009,812,0812,NA,40
2009,408,0408,NA,38
2009,1806,1806,NA,38
2009,3109,3109,NA,35
2009,2906,2906,NA,31
2009,3304,3304,NA,30
2009,4502,4502,NA,30
2009,4407,4407,NA,29
2009,4907,4907,NA,29
2009,908,0908,NA,27
2009,4710,4710,NA,27
2009,110,0110,NA,24
2009,1109,1109,NA,24
2009,4005,4005,NA,24
2009,508,0508,NA,21
2009,2306,2306,NA,19
2009,4114,4114,NA,18
2009,209,0209,NA,16
2009,1003,1003,NA,16
2009,2503,2503,NA,15
2009,603,0603,NA,14
2009,2207,2207,NA,14
2009,2016,2016,NA,13
2009,4307,4307,NA,12
2009,4606,4606,NA,12
2009,4810,4810,NA,12
2009,3608,3608,NA,11
2009,1614,1614,NA,10
2009,3405,3405,NA,10
2009,4711,4711,NA,8
2009,4908,4908,NA,8
2009,2406,2406,NA,7
2009,306,0306,NA,5
2009,4115,4115,NA,5
2009,813,0813,NA,4
2009,1509,1509,NA,4
2009,4211,4211,NA,4
2009,4811,4811,NA,4
2009,4909,4909,NA,4
2009,210,0210,NA,3
2009,705,0705,NA,3
2009,1004,1004,NA,3
2009,1807,1807,NA,3
2009,2017,2017,NA,3
2009,2107,2107,NA,3
2009,4712,4712,NA,3
2009,909,0909,NA,2
2009,1110,1110,NA,2
2009,1615,1615,NA,2
2009,1705,1705,NA,2
2009,4308,4308,NA,2
2009,4713,4713,NA,2
2009,604,0604,NA,1
2009,1510,1510,NA,1
2009,1906,1906,NA,1
2009,2018,2018,NA,1
2009,2019,2019,NA,1
2009,2208,2208,NA,1
2009,2209,2209,NA,1
2009,2704,2704,NA,1
2009,2804,2804,NA,1
2009,3110,3110,NA,1
2009,3609,3609,NA,1
2009,3803,3803,NA,1
2009,3906,3906,NA,1
2009,4006,4006,NA,1
2009,4116,4116,NA,1
2009,4117,4117,NA,1
2009,4118,4118,NA,1
2009,4212,4212,NA,1
2009,4607,4607,NA,1
2009,4608,4608,NA,1
2009,4910,4910,NA,1
2010,3710,3710,NA,16785
2010,4205,4205,NA,14823
2010,3010,3010,NA,14317
2010,4107,4107,NA,12750
2010,3711,3711,NA,12558
2010,3011,3011,NA,10668
2010,3712,3712,NA,8757
2010,4206,4206,NA,8241
2010,3012,3012,NA,7732
2010,4003,4003,NA,7231
2010,1609,1609,NA,6982
2010,4108,4108,NA,6491
2010,1506,1506,NA,6364
2010,206,0206,NA,5857
2010,3106,3106,NA,5853
2010,2011,2011,NA,5792
2010,3713,3713,NA,5708
2010,108,0108,NA,5697
2010,3013,3013,NA,5439
2010,5005,5005,NA,5254
2010,4706,4706,NA,5116
2010,4806,4806,NA,4871
2010,506,0506,NA,4596
2010,2904,2904,NA,4173
2010,1107,1107,NA,3777
2010,4207,4207,NA,3758
2010,1804,1804,NA,3721
2010,2105,2105,NA,3674
2010,3014,3014,NA,3499
2010,3714,3714,NA,3408
2010,4904,4904,NA,3211
2010,5006,5006,NA,3207
2010,4109,4109,NA,2952
2010,1610,1610,NA,2847
2010,3606,3606,NA,2568
2010,4603,4603,NA,2528
2010,3015,3015,NA,2213
2010,4305,4305,NA,1912
2010,3715,3715,NA,1902
2010,810,0810,NA,1849
2010,2305,2305,NA,1849
2010,4707,4707,NA,1806
2010,3904,3904,NA,1787
2010,704,0704,NA,1752
2010,2012,2012,NA,1684
2010,1404,1404,NA,1660
2010,5007,5007,NA,1637
2010,3107,3107,NA,1403
2010,4807,4807,NA,1394
2010,407,0407,NA,1336
2010,3016,3016,NA,1312
2010,4110,4110,NA,1292
2010,4406,4406,NA,1208
2010,207,0207,NA,1173
2010,1611,1611,NA,1148
2010,907,0907,NA,1143
2010,4208,4208,NA,1126
2010,2405,2405,NA,1124
2010,2205,2205,NA,1001
2010,3716,3716,NA,989
2010,4004,4004,NA,912
2010,1507,1507,NA,899
2010,3404,3404,NA,858
2010,5008,5008,NA,811
2010,305,0305,NA,773
2010,1703,1703,NA,749
2010,4905,4905,NA,749
2010,109,0109,NA,740
2010,4708,4708,NA,690
2010,3017,3017,NA,680
2010,507,0507,NA,676
2010,3802,3802,NA,563
2010,4111,4111,NA,553
2010,2013,2013,NA,504
2010,3717,3717,NA,500
2010,1405,1405,NA,489
2010,4604,4604,NA,437
2010,2905,2905,NA,429
2010,1108,1108,NA,423
2010,3018,3018,NA,415
2010,1805,1805,NA,395
2010,3607,3607,NA,395
2010,5009,5009,NA,395
2010,4808,4808,NA,352
2010,1612,1612,NA,350
2010,3503,3503,NA,343
2010,4209,4209,NA,315
2010,3108,3108,NA,293
2010,1406,1406,NA,243
2010,3718,3718,NA,228
2010,4306,4306,NA,186
2010,208,0208,NA,185
2010,1002,1002,NA,185
2010,4112,4112,NA,180
2010,1905,1905,NA,177
2010,2106,2106,NA,177
2010,4709,4709,NA,173
2010,4906,4906,NA,170
2010,811,0811,NA,162
2010,2014,2014,NA,141
2010,1407,1407,NA,127
2010,4605,4605,NA,111
2010,2206,2206,NA,109
2010,2703,2703,NA,109
2010,1613,1613,NA,106
2010,3019,3019,NA,103
2010,4809,4809,NA,97
2010,3905,3905,NA,96
2010,1704,1704,NA,82
2010,408,0408,NA,73
2010,1408,1408,NA,73
2010,4113,4113,NA,70
2010,110,0110,NA,66
2010,1508,1508,NA,65
2010,4210,4210,NA,60
2010,908,0908,NA,58
2010,4710,4710,NA,57
2010,1409,1409,NA,54
2010,4407,4407,NA,52
2010,3109,3109,NA,50
2010,1109,1109,NA,49
2010,4502,4502,NA,48
2010,3719,3719,NA,45
2010,1806,1806,NA,43
2010,2015,2015,NA,40
2010,2306,2306,NA,37
2010,3204,3204,NA,37
2010,705,0705,NA,36
2010,4005,4005,NA,36
2010,4907,4907,NA,36
2010,3304,3304,NA,33
2010,508,0508,NA,31
2010,603,0603,NA,31
2010,4114,4114,NA,31
2010,3608,3608,NA,30
2010,209,0209,NA,29
2010,1614,1614,NA,29
2010,812,0812,NA,28
2010,4606,4606,NA,28
2010,4307,4307,NA,23
2010,2406,2406,NA,22
2010,4810,4810,NA,21
2010,2906,2906,NA,20
2010,2503,2503,NA,18
2010,4711,4711,NA,17
2010,4908,4908,NA,16
2010,2207,2207,NA,12
2010,4115,4115,NA,12
2010,4211,4211,NA,12
2010,2016,2016,NA,11
2010,3405,3405,NA,10
2010,111,0111,NA,9
2010,409,0409,NA,8
2010,1110,1110,NA,8
2010,3110,3110,NA,8
2010,1509,1509,NA,7
2010,1906,1906,NA,7
2010,4116,4116,NA,7
2010,210,0210,NA,6
2010,1003,1003,NA,6
2010,4712,4712,NA,6
2010,4811,4811,NA,6
2010,813,0813,NA,5
2010,1615,1615,NA,5
2010,1705,1705,NA,5
2010,4909,4909,NA,5
2010,306,0306,NA,4
2010,2107,2107,NA,4
2010,2407,2407,NA,4
2010,4607,4607,NA,4
2010,909,0909,NA,3
2010,2017,2017,NA,3
2010,4212,4212,NA,3
2010,4308,4308,NA,3
2010,509,0509,NA,2
2010,2018,2018,NA,2
2010,2208,2208,NA,2
2010,3803,3803,NA,2
2010,4117,4117,NA,2
2010,4713,4713,NA,2
2010,4714,4714,NA,2
2010,4715,4715,NA,2
2010,211,0211,NA,1
2010,410,0410,NA,1
2010,706,0706,NA,1
2010,1004,1004,NA,1
2010,1111,1111,NA,1
2010,1807,1807,NA,1
2010,1808,1808,NA,1
2010,2019,2019,NA,1
2010,2108,2108,NA,1
2010,2307,2307,NA,1
2010,2603,2603,NA,1
2010,2704,2704,NA,1
2010,2804,2804,NA,1
2010,4006,4006,NA,1
2010,4213,4213,NA,1
2010,4214,4214,NA,1
2010,4215,4215,NA,1
2010,4309,4309,NA,1
2010,4408,4408,NA,1
2010,4503,4503,NA,1
2010,4504,4504,NA,1
2010,4608,4608,NA,1
2010,4812,4812,NA,1
2010,4910,4910,NA,1
2010,4911,4911,NA,1
2011,3710,3710,NA,19127
2011,4205,4205,NA,17553
2011,3010,3010,NA,16665
2011,4107,4107,NA,15401
2011,3711,3711,NA,14359
2011,3011,3011,NA,12414
2011,4206,4206,NA,10311
2011,3712,3712,NA,9940
2011,3012,3012,NA,9020
2011,4003,4003,NA,8485
2011,4108,4108,NA,8226
2011,1609,1609,NA,8203
2011,1506,1506,NA,7564
2011,108,0108,NA,7372
2011,206,0206,NA,7147
2011,2011,2011,NA,6856
2011,3106,3106,NA,6809
2011,3013,3013,NA,6426
2011,3713,3713,NA,6275
2011,506,0506,NA,5881
2011,4706,4706,NA,5753
2011,4806,4806,NA,5717
2011,5005,5005,NA,5519
2011,2904,2904,NA,5394
2011,4207,4207,NA,5091
2011,704,0704,NA,4986
2011,3014,3014,NA,4280
2011,1107,1107,NA,4269
2011,1804,1804,NA,4097
2011,4109,4109,NA,3912
2011,3714,3714,NA,3669
2011,2105,2105,NA,3575
2011,4904,4904,NA,3557
2011,1610,1610,NA,3298
2011,5006,5006,NA,3217
2011,3606,3606,NA,3103
2011,3015,3015,NA,2774
2011,4603,4603,NA,2724
2011,4305,4305,NA,2200
2011,2305,2305,NA,2156
2011,2012,2012,NA,2136
2011,810,0810,NA,2092
2011,3904,3904,NA,2066
2011,3715,3715,NA,2018
2011,4707,4707,NA,1861
2011,4208,4208,NA,1860
2011,1404,1404,NA,1843
2011,4110,4110,NA,1788
2011,407,0407,NA,1765
2011,3016,3016,NA,1709
2011,5007,5007,NA,1620
2011,907,0907,NA,1542
2011,3107,3107,NA,1540
2011,207,0207,NA,1509
2011,4807,4807,NA,1496
2011,2405,2405,NA,1493
2011,4406,4406,NA,1414
2011,2205,2205,NA,1407
2011,1611,1611,NA,1386
2011,1507,1507,NA,1346
2011,3404,3404,NA,1148
2011,305,0305,NA,1124
2011,109,0109,NA,1119
2011,507,0507,NA,1046
2011,3716,3716,NA,1024
2011,4004,4004,NA,952
2011,3017,3017,NA,930
2011,1703,1703,NA,866
2011,4111,4111,NA,820
2011,4905,4905,NA,778
2011,5008,5008,NA,741
2011,3802,3802,NA,703
2011,2013,2013,NA,694
2011,4708,4708,NA,689
2011,4209,4209,NA,654
2011,3503,3503,NA,594
2011,1405,1405,NA,580
2011,3018,3018,NA,555
2011,3717,3717,NA,526
2011,4604,4604,NA,506
2011,1612,1612,NA,501
2011,2905,2905,NA,467
2011,3607,3607,NA,462
2011,1108,1108,NA,460
2011,1805,1805,NA,433
2011,4808,4808,NA,389
2011,5009,5009,NA,367
2011,4112,4112,NA,332
2011,1002,1002,NA,312
2011,208,0208,NA,297
2011,1406,1406,NA,295
2011,3108,3108,NA,282
2011,3718,3718,NA,255
2011,4306,4306,NA,255
2011,811,0811,NA,236
2011,1905,1905,NA,208
2011,2106,2106,NA,195
2011,2014,2014,NA,192
2011,1407,1407,NA,188
2011,1613,1613,NA,185
2011,4210,4210,NA,184
2011,2703,2703,NA,183
2011,4709,4709,NA,172
2011,4906,4906,NA,170
2011,4605,4605,NA,164
2011,4113,4113,NA,156
2011,408,0408,NA,138
2011,2206,2206,NA,131
2011,1508,1508,NA,129
2011,1704,1704,NA,117
2011,110,0110,NA,112
2011,4809,4809,NA,111
2011,1408,1408,NA,110
2011,3304,3304,NA,102
2011,908,0908,NA,92
2011,3905,3905,NA,91
2011,508,0508,NA,90
2011,3019,3019,NA,78
2011,4114,4114,NA,76
2011,705,0705,NA,75
2011,3204,3204,NA,75
2011,2306,2306,NA,68
2011,1614,1614,NA,62
2011,209,0209,NA,61
2011,4710,4710,NA,55
2011,1409,1409,NA,52
2011,4407,4407,NA,52
2011,1109,1109,NA,49
2011,2015,2015,NA,49
2011,4211,4211,NA,49
2011,4005,4005,NA,48
2011,3109,3109,NA,46
2011,1806,1806,NA,44
2011,4907,4907,NA,44
2011,2906,2906,NA,40
2011,4502,4502,NA,36
2011,4606,4606,NA,36
2011,603,0603,NA,35
2011,2406,2406,NA,35
2011,812,0812,NA,33
2011,4115,4115,NA,32
2011,3608,3608,NA,31
2011,4810,4810,NA,29
2011,3719,3719,NA,26
2011,4307,4307,NA,21
2011,111,0111,NA,19
2011,3405,3405,NA,18
2011,4711,4711,NA,18
2011,4116,4116,NA,16
2011,1615,1615,NA,14
2011,2207,2207,NA,13
2011,1410,1410,NA,12
2011,306,0306,NA,11
2011,1003,1003,NA,11
2011,2107,2107,NA,11
2011,2503,2503,NA,11
2011,210,0210,NA,10
2011,1509,1509,NA,10
2011,2016,2016,NA,10
2011,1705,1705,NA,9
2011,2804,2804,NA,9
2011,4212,4212,NA,9
2011,4607,4607,NA,9
2011,4811,4811,NA,9
2011,409,0409,NA,8
2011,3110,3110,NA,7
2011,4117,4117,NA,7
2011,4712,4712,NA,7
2011,909,0909,NA,6
2011,1110,1110,NA,6
2011,1807,1807,NA,6
2011,4908,4908,NA,6
2011,813,0813,NA,5
2011,2017,2017,NA,5
2011,2603,2603,NA,5
2011,509,0509,NA,4
2011,706,0706,NA,4
2011,4006,4006,NA,4
2011,4118,4118,NA,4
2011,4608,4608,NA,4
2011,2407,2407,NA,3
2011,3906,3906,NA,3
2011,4812,4812,NA,3
2011,112,0112,NA,2
2011,211,0211,NA,2
2011,1004,1004,NA,2
2011,1302,1302,NA,2
2011,1616,1616,NA,2
2011,2018,2018,NA,2
2011,2704,2704,NA,2
2011,4408,4408,NA,2
2011,910,0910,NA,1
2011,1111,1111,NA,1
2011,1411,1411,NA,1
2011,1412,1412,NA,1
2011,1510,1510,NA,1
2011,1617,1617,NA,1
2011,1618,1618,NA,1
2011,1808,1808,NA,1
2011,1809,1809,NA,1
2011,1906,1906,NA,1
2011,2108,2108,NA,1
2011,2208,2208,NA,1
2011,2307,2307,NA,1
2011,2408,2408,NA,1
2011,3504,3504,NA,1
2011,3609,3609,NA,1
2011,3803,3803,NA,1
2011,4213,4213,NA,1
2011,4503,4503,NA,1
2011,4609,4609,NA,1
2011,4713,4713,NA,1
2012,3710,3710,NA,19208
2012,4205,4205,NA,17681
2012,3010,3010,NA,16402
2012,4107,4107,NA,15146
2012,3711,3711,NA,14287
2012,3011,3011,NA,12097
2012,4206,4206,NA,10354
2012,3712,3712,NA,9788
2012,3012,3012,NA,8777
2012,4003,4003,NA,8124
2012,1609,1609,NA,8030
2012,4108,4108,NA,7899
2012,1506,1506,NA,7037
2012,108,0108,NA,6928
2012,2011,2011,NA,6900
2012,206,0206,NA,6652
2012,3106,3106,NA,6595
2012,3013,3013,NA,6218
2012,3713,3713,NA,5987
2012,4806,4806,NA,5876
2012,506,0506,NA,5761
2012,4706,4706,NA,5561
2012,2904,2904,NA,5461
2012,5005,5005,NA,5104
2012,4207,4207,NA,5068
2012,704,0704,NA,4740
2012,1107,1107,NA,4269
2012,3014,3014,NA,4020
2012,1804,1804,NA,3957
2012,4109,4109,NA,3786
2012,4904,4904,NA,3359
2012,3714,3714,NA,3326
2012,2105,2105,NA,3260
2012,3606,3606,NA,3183
2012,1610,1610,NA,3167
2012,4603,4603,NA,2901
2012,5006,5006,NA,2775
2012,3015,3015,NA,2555
2012,2305,2305,NA,2507
2012,2012,2012,NA,2086
2012,3904,3904,NA,2002
2012,810,0810,NA,1911
2012,4208,4208,NA,1867
2012,407,0407,NA,1840
2012,4110,4110,NA,1767
2012,3715,3715,NA,1752
2012,4305,4305,NA,1731
2012,4707,4707,NA,1721
2012,1404,1404,NA,1613
2012,3016,3016,NA,1589
2012,907,0907,NA,1545
2012,2405,2405,NA,1486
2012,4807,4807,NA,1453
2012,305,0305,NA,1429
2012,3107,3107,NA,1326
2012,5007,5007,NA,1321
2012,207,0207,NA,1291
2012,2205,2205,NA,1287
2012,1507,1507,NA,1246
2012,1611,1611,NA,1234
2012,4406,4406,NA,1174
2012,3404,3404,NA,1140
2012,109,0109,NA,1062
2012,507,0507,NA,1052
2012,1703,1703,NA,1010
2012,3017,3017,NA,907
2012,3716,3716,NA,884
2012,3802,3802,NA,877
2012,4004,4004,NA,870
2012,4111,4111,NA,802
2012,4905,4905,NA,729
2012,4209,4209,NA,663
2012,2013,2013,NA,640
2012,4708,4708,NA,614
2012,5008,5008,NA,605
2012,4604,4604,NA,603
2012,3503,3503,NA,544
2012,3018,3018,NA,513
2012,1405,1405,NA,504
2012,1805,1805,NA,493
2012,2905,2905,NA,490
2012,1002,1002,NA,479
2012,3607,3607,NA,454
2012,1612,1612,NA,439
2012,3717,3717,NA,423
2012,1108,1108,NA,406
2012,4808,4808,NA,356
2012,4112,4112,NA,328
2012,5009,5009,NA,299
2012,1406,1406,NA,292
2012,3108,3108,NA,258
2012,208,0208,NA,254
2012,811,0811,NA,250
2012,1905,1905,NA,226
2012,4210,4210,NA,208
2012,2014,2014,NA,187
2012,3718,3718,NA,182
2012,1407,1407,NA,173
2012,4605,4605,NA,170
2012,4113,4113,NA,159
2012,3204,3204,NA,158
2012,1613,1613,NA,155
2012,4906,4906,NA,152
2012,2106,2106,NA,147
2012,1704,1704,NA,144
2012,2206,2206,NA,137
2012,4306,4306,NA,136
2012,4709,4709,NA,135
2012,508,0508,NA,130
2012,110,0110,NA,124
2012,2306,2306,NA,124
2012,2703,2703,NA,124
2012,408,0408,NA,116
2012,1408,1408,NA,116
2012,1508,1508,NA,112
2012,4809,4809,NA,104
2012,3905,3905,NA,91
2012,812,0812,NA,70
2012,908,0908,NA,68
2012,4114,4114,NA,63
2012,1409,1409,NA,60
2012,4211,4211,NA,60
2012,603,0603,NA,56
2012,3019,3019,NA,52
2012,3304,3304,NA,52
2012,2015,2015,NA,51
2012,209,0209,NA,48
2012,1806,1806,NA,48
2012,4606,4606,NA,48
2012,2906,2906,NA,42
2012,705,0705,NA,41
2012,4907,4907,NA,39
2012,4005,4005,NA,38
2012,4710,4710,NA,35
2012,1614,1614,NA,34
2012,1109,1109,NA,33
2012,4407,4407,NA,32
2012,4810,4810,NA,32
2012,3109,3109,NA,31
2012,4115,4115,NA,31
2012,813,0813,NA,26
2012,3405,3405,NA,25
2012,2406,2406,NA,24
2012,1003,1003,NA,23
2012,111,0111,NA,21
2012,3608,3608,NA,21
2012,4502,4502,NA,21
2012,509,0509,NA,20
2012,4212,4212,NA,20
2012,2207,2207,NA,18
2012,4607,4607,NA,18
2012,4307,4307,NA,14
2012,210,0210,NA,13
2012,4116,4116,NA,13
2012,4711,4711,NA,13
2012,814,0814,NA,12
2012,1410,1410,NA,11
2012,4811,4811,NA,11
2012,4908,4908,NA,11
2012,2016,2016,NA,10
2012,409,0409,NA,9
2012,1509,1509,NA,9
2012,1705,1705,NA,9
2012,306,0306,NA,8
2012,4213,4213,NA,7
2012,1615,1615,NA,6
2012,2307,2307,NA,6
2012,3719,3719,NA,6
2012,4608,4608,NA,6
2012,2503,2503,NA,5
2012,4117,4117,NA,5
2012,112,0112,NA,4
2012,909,0909,NA,4
2012,2208,2208,NA,4
2012,2804,2804,NA,4
2012,4712,4712,NA,4
2012,815,0815,NA,3
2012,1110,1110,NA,3
2012,1616,1616,NA,3
2012,1807,1807,NA,3
2012,2107,2107,NA,3
2012,2603,2603,NA,3
2012,4812,4812,NA,3
2012,706,0706,NA,2
2012,1906,1906,NA,2
2012,2017,2017,NA,2
2012,3110,3110,NA,2
2012,3906,3906,NA,2
2012,4214,4214,NA,2
2012,4308,4308,NA,2
2012,4609,4609,NA,2
2012,4713,4713,NA,2
2012,211,0211,NA,1
2012,604,0604,NA,1
2012,1004,1004,NA,1
2012,1411,1411,NA,1
2012,1510,1510,NA,1
2012,2209,2209,NA,1
2012,3504,3504,NA,1
2012,3609,3609,NA,1
2012,4006,4006,NA,1
2012,4118,4118,NA,1
2012,4309,4309,NA,1
2012,4408,4408,NA,1
2012,4409,4409,NA,1
2012,4410,4410,NA,1
2012,4610,4610,NA,1
2012,4611,4611,NA,1
2012,4714,4714,NA,1
2012,4813,4813,NA,1
2012,4909,4909,NA,1
2013,3710,3710,NA,22953
2013,4205,4205,NA,21797
2013,3010,3010,NA,19927
2013,4107,4107,NA,18585
2013,3711,3711,NA,16976
2013,3011,3011,NA,14556
2013,4206,4206,NA,13147
2013,3712,3712,NA,11702
2013,3012,3012,NA,10552
2013,4003,4003,NA,9976
2013,4108,4108,NA,9882
2013,1609,1609,NA,9794
2013,2011,2011,NA,9085
2013,1506,1506,NA,8501
2013,3106,3106,NA,8390
2013,206,0206,NA,8105
2013,108,0108,NA,7724
2013,3013,3013,NA,7496
2013,3713,3713,NA,7488
2013,506,0506,NA,7346
2013,2904,2904,NA,6863
2013,4806,4806,NA,6648
2013,4207,4207,NA,6624
2013,704,0704,NA,6498
2013,4706,4706,NA,6065
2013,1804,1804,NA,5553
2013,5005,5005,NA,5205
2013,1107,1107,NA,5015
2013,3014,3014,NA,4992
2013,4109,4109,NA,4835
2013,3714,3714,NA,4463
2013,4904,4904,NA,4101
2013,2105,2105,NA,4006
2013,1610,1610,NA,3864
2013,3606,3606,NA,3608
2013,4603,4603,NA,3548
2013,3015,3015,NA,3309
2013,2305,2305,NA,3299
2013,4208,4208,NA,2720
2013,5006,5006,NA,2665
2013,2012,2012,NA,2592
2013,3904,3904,NA,2580
2013,3715,3715,NA,2533
2013,810,0810,NA,2477
2013,407,0407,NA,2403
2013,4305,4305,NA,2271
2013,4110,4110,NA,2237
2013,1404,1404,NA,2097
2013,3016,3016,NA,2074
2013,907,0907,NA,2015
2013,2405,2405,NA,1861
2013,3107,3107,NA,1818
2013,4707,4707,NA,1751
2013,2205,2205,NA,1667
2013,4807,4807,NA,1657
2013,305,0305,NA,1631
2013,1611,1611,NA,1515
2013,207,0207,NA,1459
2013,4406,4406,NA,1415
2013,3404,3404,NA,1385
2013,5007,5007,NA,1334
2013,3716,3716,NA,1309
2013,507,0507,NA,1301
2013,1507,1507,NA,1286
2013,3017,3017,NA,1264
2013,1703,1703,NA,1133
2013,3802,3802,NA,1127
2013,109,0109,NA,1084
2013,4111,4111,NA,1054
2013,4209,4209,NA,989
2013,4004,4004,NA,930
2013,3503,3503,NA,840
2013,2013,2013,NA,816
2013,4905,4905,NA,807
2013,3018,3018,NA,764
2013,4604,4604,NA,715
2013,1805,1805,NA,677
2013,3717,3717,NA,648
2013,1405,1405,NA,641
2013,4708,4708,NA,617
2013,2905,2905,NA,616
2013,5008,5008,NA,550
2013,1612,1612,NA,548
2013,1108,1108,NA,512
2013,3607,3607,NA,507
2013,1002,1002,NA,501
2013,4112,4112,NA,489
2013,4808,4808,NA,481
2013,1406,1406,NA,371
2013,4210,4210,NA,348
2013,3108,3108,NA,343
2013,3718,3718,NA,313
2013,811,0811,NA,283
2013,208,0208,NA,276
2013,4113,4113,NA,265
2013,5009,5009,NA,265
2013,1407,1407,NA,247
2013,2014,2014,NA,242
2013,4605,4605,NA,217
2013,1905,1905,NA,204
2013,2206,2206,NA,201
2013,508,0508,NA,194
2013,2106,2106,NA,185
2013,4306,4306,NA,184
2013,1613,1613,NA,180
2013,408,0408,NA,172
2013,2306,2306,NA,162
2013,4809,4809,NA,159
2013,4906,4906,NA,155
2013,1408,1408,NA,148
2013,4114,4114,NA,146
2013,1508,1508,NA,129
2013,2703,2703,NA,129
2013,110,0110,NA,128
2013,603,0603,NA,128
2013,4211,4211,NA,125
2013,4709,4709,NA,122
2013,908,0908,NA,115
2013,1704,1704,NA,104
2013,3905,3905,NA,92
2013,705,0705,NA,83
2013,3304,3304,NA,81
2013,812,0812,NA,75
2013,2015,2015,NA,74
2013,1806,1806,NA,73
2013,4115,4115,NA,73
2013,2906,2906,NA,68
2013,1614,1614,NA,64
2013,4606,4606,NA,63
2013,1409,1409,NA,60
2013,209,0209,NA,57
2013,1109,1109,NA,57
2013,4005,4005,NA,55
2013,3109,3109,NA,54
2013,4810,4810,NA,54
2013,3204,3204,NA,51
2013,509,0509,NA,43
2013,4907,4907,NA,43
2013,4710,4710,NA,42
2013,4116,4116,NA,40
2013,4212,4212,NA,40
2013,2406,2406,NA,38
2013,2016,2016,NA,36
2013,3608,3608,NA,33
2013,3405,3405,NA,31
2013,4407,4407,NA,31
2013,813,0813,NA,26
2013,1410,1410,NA,24
2013,2207,2207,NA,21
2013,2804,2804,NA,21
2013,4117,4117,NA,21
2013,1003,1003,NA,20
2013,3019,3019,NA,20
2013,4502,4502,NA,20
2013,4811,4811,NA,19
2013,4307,4307,NA,18
2013,210,0210,NA,15
2013,1615,1615,NA,15
2013,306,0306,NA,14
2013,2017,2017,NA,14
2013,409,0409,NA,13
2013,4118,4118,NA,13
2013,4607,4607,NA,13
2013,4711,4711,NA,12
2013,814,0814,NA,11
2013,2107,2107,NA,11
2013,2503,2503,NA,11
2013,4213,4213,NA,11
2013,111,0111,NA,10
2013,1509,1509,NA,9
2013,1807,1807,NA,9
2013,3110,3110,NA,9
2013,909,0909,NA,8
2013,2307,2307,NA,8
2013,4812,4812,NA,8
2013,4908,4908,NA,8
2013,510,0510,NA,7
2013,1411,1411,NA,7
2013,2018,2018,NA,7
2013,2603,2603,NA,7
2013,1705,1705,NA,6
2013,4712,4712,NA,6
2013,211,0211,NA,4
2013,706,0706,NA,4
2013,1110,1110,NA,4
2013,3609,3609,NA,4
2013,3803,3803,NA,4
2013,4608,4608,NA,4
2013,212,0212,NA,3
2013,1004,1004,NA,3
2013,1616,1616,NA,3
2013,2407,2407,NA,3
2013,4214,4214,NA,3
2013,4713,4713,NA,3
2013,4813,4813,NA,3
2013,4909,4909,NA,3
2013,4910,4910,NA,3
2013,213,0213,NA,2
2013,3111,3111,NA,2
2013,4006,4006,NA,2
2013,4308,4308,NA,2
2013,4814,4814,NA,2
2013,112,0112,NA,1
2013,113,0113,NA,1
2013,114,0114,NA,1
2013,214,0214,NA,1
2013,215,0215,NA,1
2013,410,0410,NA,1
2013,511,0511,NA,1
2013,815,0815,NA,1
2013,910,0910,NA,1
2013,1111,1111,NA,1
2013,1202,1202,NA,1
2013,1412,1412,NA,1
2013,1617,1617,NA,1
2013,1618,1618,NA,1
2013,1808,1808,NA,1
2013,1906,1906,NA,1
2013,2108,2108,NA,1
2013,2208,2208,NA,1
2013,2209,2209,NA,1
2013,2408,2408,NA,1
2013,2409,2409,NA,1
2013,2704,2704,NA,1
2013,2907,2907,NA,1
2013,3112,3112,NA,1
2013,3113,3113,NA,1
2013,3719,3719,NA,1
2013,4408,4408,NA,1
2013,4409,4409,NA,1
2013,4410,4410,NA,1
2013,4609,4609,NA,1
2013,4815,4815,NA,1
2013,4911,4911,NA,1
2014,3710,3710,NA,23569
2014,4205,4205,NA,22089
2014,3010,3010,NA,20258
2014,4107,4107,NA,18561
2014,3711,3711,NA,17898
2014,3011,3011,NA,15153
2014,4206,4206,NA,13887
2014,3712,3712,NA,12651
2014,3012,3012,NA,11245
2014,4003,4003,NA,10597
2014,4108,4108,NA,10040
2014,1609,1609,NA,10008
2014,2011,2011,NA,9158
2014,1506,1506,NA,8881
2014,3106,3106,NA,8381
2014,3713,3713,NA,8336
2014,3013,3013,NA,8024
2014,108,0108,NA,7846
2014,206,0206,NA,7774
2014,4207,4207,NA,7530
2014,506,0506,NA,7284
2014,2904,2904,NA,6963
2014,704,0704,NA,6789
2014,4806,4806,NA,6600
2014,4706,4706,NA,5843
2014,1804,1804,NA,5627
2014,3014,3014,NA,5519
2014,3714,3714,NA,5157
2014,4109,4109,NA,5111
2014,5005,5005,NA,4954
2014,1107,1107,NA,4784
2014,2105,2105,NA,4088
2014,4904,4904,NA,4041
2014,1610,1610,NA,3816
2014,2305,2305,NA,3672
2014,3015,3015,NA,3670
2014,3606,3606,NA,3651
2014,4603,4603,NA,3583
2014,4208,4208,NA,3438
2014,3715,3715,NA,3049
2014,2012,2012,NA,2643
2014,5006,5006,NA,2636
2014,305,0305,NA,2513
2014,407,0407,NA,2475
2014,4110,4110,NA,2473
2014,3904,3904,NA,2471
2014,3016,3016,NA,2349
2014,810,0810,NA,2340
2014,4305,4305,NA,2021
2014,907,0907,NA,1960
2014,3107,3107,NA,1841
2014,1404,1404,NA,1834
2014,2405,2405,NA,1823
2014,4807,4807,NA,1769
2014,3716,3716,NA,1716
2014,2205,2205,NA,1693
2014,4707,4707,NA,1673
2014,1611,1611,NA,1516
2014,3404,3404,NA,1462
2014,4209,4209,NA,1462
2014,1507,1507,NA,1445
2014,3017,3017,NA,1431
2014,207,0207,NA,1427
2014,5007,5007,NA,1385
2014,4406,4406,NA,1302
2014,507,0507,NA,1241
2014,4111,4111,NA,1192
2014,3802,3802,NA,1163
2014,4004,4004,NA,1163
2014,109,0109,NA,1096
2014,1703,1703,NA,990
2014,3717,3717,NA,956
2014,3018,3018,NA,883
2014,3503,3503,NA,873
2014,2013,2013,NA,854
2014,4905,4905,NA,838
2014,4604,4604,NA,769
2014,1805,1805,NA,711
2014,2905,2905,NA,710
2014,4708,4708,NA,641
2014,1405,1405,NA,606
2014,5008,5008,NA,592
2014,3607,3607,NA,576
2014,4210,4210,NA,553
2014,1612,1612,NA,548
2014,4112,4112,NA,542
2014,1002,1002,NA,509
2014,3718,3718,NA,509
2014,4808,4808,NA,506
2014,1108,1108,NA,482
2014,3108,3108,NA,353
2014,1406,1406,NA,346
2014,5009,5009,NA,296
2014,4113,4113,NA,290
2014,811,0811,NA,262
2014,208,0208,NA,259
2014,4605,4605,NA,248
2014,2014,2014,NA,244
2014,1407,1407,NA,238
2014,2206,2206,NA,227
2014,4211,4211,NA,211
2014,603,0603,NA,209
2014,2306,2306,NA,198
2014,508,0508,NA,185
2014,4906,4906,NA,180
2014,1613,1613,NA,179
2014,2106,2106,NA,179
2014,408,0408,NA,172
2014,1905,1905,NA,172
2014,4306,4306,NA,171
2014,4809,4809,NA,166
2014,2703,2703,NA,160
2014,4114,4114,NA,160
2014,1408,1408,NA,153
2014,110,0110,NA,146
2014,4709,4709,NA,144
2014,1508,1508,NA,120
2014,3905,3905,NA,116
2014,908,0908,NA,105
2014,1704,1704,NA,98
2014,2906,2906,NA,96
2014,3304,3304,NA,86
2014,705,0705,NA,84
2014,1409,1409,NA,81
2014,3204,3204,NA,81
2014,1806,1806,NA,77
2014,4212,4212,NA,77
2014,4606,4606,NA,73
2014,4115,4115,NA,69
2014,2015,2015,NA,66
2014,1109,1109,NA,65
2014,209,0209,NA,63
2014,4005,4005,NA,63
2014,812,0812,NA,60
2014,3109,3109,NA,56
2014,1614,1614,NA,51
2014,4810,4810,NA,50
2014,3608,3608,NA,49
2014,509,0509,NA,45
2014,4710,4710,NA,44
2014,2406,2406,NA,43
2014,3405,3405,NA,40
2014,4907,4907,NA,38
2014,4116,4116,NA,35
2014,2804,2804,NA,30
2014,4407,4407,NA,30
2014,1003,1003,NA,28
2014,4213,4213,NA,28
2014,1410,1410,NA,27
2014,2207,2207,NA,26
2014,813,0813,NA,23
2014,111,0111,NA,22
2014,306,0306,NA,21
2014,4607,4607,NA,21
2014,2016,2016,NA,19
2014,4502,4502,NA,19
2014,4117,4117,NA,18
2014,4307,4307,NA,17
2014,4711,4711,NA,17
2014,4811,4811,NA,16
2014,814,0814,NA,15
2014,510,0510,NA,14
2014,1110,1110,NA,14
2014,1807,1807,NA,14
2014,3019,3019,NA,14
2014,409,0409,NA,13
2014,4214,4214,NA,12
2014,4908,4908,NA,12
2014,210,0210,NA,11
2014,909,0909,NA,11
2014,815,0815,NA,10
2014,4118,4118,NA,9
2014,4712,4712,NA,9
2014,1615,1615,NA,8
2014,1411,1411,NA,7
2014,1509,1509,NA,7
2014,2107,2107,NA,7
2014,2503,2503,NA,7
2014,3110,3110,NA,7
2014,2208,2208,NA,6
2014,4812,4812,NA,6
2014,2307,2307,NA,5
2014,2704,2704,NA,5
2014,4006,4006,NA,5
2014,4215,4215,NA,5
2014,4608,4608,NA,5
2014,211,0211,NA,4
2014,410,0410,NA,4
2014,816,0816,NA,4
2014,1111,1111,NA,4
2014,1412,1412,NA,4
2014,2603,2603,NA,4
2014,511,0511,NA,3
2014,1705,1705,NA,3
2014,1808,1808,NA,3
2014,2017,2017,NA,3
2014,3504,3504,NA,3
2014,3609,3609,NA,3
2014,3803,3803,NA,3
2014,4713,4713,NA,3
2014,112,0112,NA,2
2014,817,0817,NA,2
2014,910,0910,NA,2
2014,1510,1510,NA,2
2014,1616,1616,NA,2
2014,2209,2209,NA,2
2014,2407,2407,NA,2
2014,3111,3111,NA,2
2014,4216,4216,NA,2
2014,4308,4308,NA,2
2014,212,0212,NA,1
2014,307,0307,NA,1
2014,512,0512,NA,1
2014,604,0604,NA,1
2014,1004,1004,NA,1
2014,1413,1413,NA,1
2014,1414,1414,NA,1
2014,1415,1415,NA,1
2014,1617,1617,NA,1
2014,2018,2018,NA,1
2014,2210,2210,NA,1
2014,2308,2308,NA,1
2014,2705,2705,NA,1
2014,2907,2907,NA,1
2014,3205,3205,NA,1
2014,3719,3719,NA,1
2014,3906,3906,NA,1
2014,4217,4217,NA,1
2014,4309,4309,NA,1
2014,4408,4408,NA,1
2014,4609,4609,NA,1
2014,4813,4813,NA,1
2014,4909,4909,NA,1
2014,4910,4910,NA,1
2015,3710,3710,NA,25402
2015,4205,4205,NA,23226
2015,3010,3010,NA,21677
2015,4107,4107,NA,20821
2015,3711,3711,NA,19782
2015,3011,3011,NA,16423
2015,4206,4206,NA,15101
2015,3712,3712,NA,14358
2015,3012,3012,NA,12296
2015,4108,4108,NA,12261
2015,4003,4003,NA,11468
2015,1609,1609,NA,10429
2015,2011,2011,NA,9841
2015,3713,3713,NA,9747
2015,1506,1506,NA,9707
2015,3013,3013,NA,9029
2015,3106,3106,NA,8728
2015,4207,4207,NA,8273
2015,206,0206,NA,8153
2015,2904,2904,NA,7974
2015,108,0108,NA,7909
2015,506,0506,NA,7855
2015,704,0704,NA,7232
2015,4806,4806,NA,6734
2015,4109,4109,NA,6565
2015,3014,3014,NA,6320
2015,3714,3714,NA,6276
2015,1804,1804,NA,6216
2015,4706,4706,NA,6101
2015,5005,5005,NA,5426
2015,1107,1107,NA,4902
2015,2105,2105,NA,4573
2015,3606,3606,NA,4499
2015,3015,3015,NA,4293
2015,1610,1610,NA,4282
2015,4904,4904,NA,3991
2015,2305,2305,NA,3970
2015,4208,4208,NA,3850
2015,4603,4603,NA,3831
2015,3715,3715,NA,3718
2015,4110,4110,NA,3386
2015,3904,3904,NA,3209
2015,2012,2012,NA,3112
2015,5006,5006,NA,3032
2015,305,0305,NA,2914
2015,3016,3016,NA,2856
2015,407,0407,NA,2513
2015,810,0810,NA,2308
2015,4305,4305,NA,2179
2015,3716,3716,NA,2099
2015,3107,3107,NA,2056
2015,2405,2405,NA,2001
2015,1404,1404,NA,1982
2015,907,0907,NA,1954
2015,2205,2205,NA,1857
2015,4406,4406,NA,1827
2015,4111,4111,NA,1825
2015,4707,4707,NA,1822
2015,3017,3017,NA,1808
2015,4807,4807,NA,1798
2015,1611,1611,NA,1731
2015,1703,1703,NA,1690
2015,3404,3404,NA,1638
2015,4209,4209,NA,1620
2015,5007,5007,NA,1616
2015,1507,1507,NA,1570
2015,4004,4004,NA,1448
2015,207,0207,NA,1422
2015,3802,3802,NA,1379
2015,507,0507,NA,1371
2015,3717,3717,NA,1160
2015,3018,3018,NA,1132
2015,109,0109,NA,1090
2015,2013,2013,NA,999
2015,4112,4112,NA,945
2015,2905,2905,NA,898
2015,3607,3607,NA,862
2015,1805,1805,NA,825
2015,4604,4604,NA,820
2015,4905,4905,NA,817
2015,3503,3503,NA,781
2015,5008,5008,NA,756
2015,4708,4708,NA,689
2015,1405,1405,NA,638
2015,3718,3718,NA,633
2015,4210,4210,NA,618
2015,1612,1612,NA,593
2015,1002,1002,NA,562
2015,4808,4808,NA,534
2015,4113,4113,NA,509
2015,1108,1108,NA,478
2015,5009,5009,NA,378
2015,3108,3108,NA,373
2015,2014,2014,NA,357
2015,1406,1406,NA,346
2015,811,0811,NA,328
2015,4605,4605,NA,276
2015,4114,4114,NA,263
2015,208,0208,NA,243
2015,4211,4211,NA,231
2015,603,0603,NA,228
2015,508,0508,NA,216
2015,3905,3905,NA,215
2015,2306,2306,NA,213
2015,1407,1407,NA,212
2015,1905,1905,NA,211
2015,4407,4407,NA,202
2015,2106,2106,NA,201
2015,3304,3304,NA,201
2015,2206,2206,NA,192
2015,4906,4906,NA,185
2015,1613,1613,NA,181
2015,2015,2015,NA,160
2015,4809,4809,NA,160
2015,2703,2703,NA,157
2015,408,0408,NA,156
2015,4306,4306,NA,147
2015,4709,4709,NA,145
2015,110,0110,NA,140
2015,1408,1408,NA,139
2015,4115,4115,NA,135
2015,908,0908,NA,119
2015,2906,2906,NA,112
2015,1704,1704,NA,110
2015,1806,1806,NA,104
2015,1508,1508,NA,103
2015,4005,4005,NA,96
2015,3608,3608,NA,90
2015,2016,2016,NA,89
2015,812,0812,NA,88
2015,4606,4606,NA,88
2015,705,0705,NA,82
2015,4212,4212,NA,77
2015,1409,1409,NA,71
2015,4116,4116,NA,70
2015,3204,3204,NA,68
2015,1109,1109,NA,61
2015,4810,4810,NA,57
2015,2804,2804,NA,56
2015,3405,3405,NA,53
2015,209,0209,NA,52
2015,3109,3109,NA,52
2015,2406,2406,NA,50
2015,1614,1614,NA,49
2015,509,0509,NA,48
2015,2017,2017,NA,48
2015,3719,3719,NA,44
2015,4907,4907,NA,43
2015,4710,4710,NA,41
2015,1410,1410,NA,36
2015,4117,4117,NA,36
2015,813,0813,NA,34
2015,1003,1003,NA,29
2015,4213,4213,NA,28
2015,4607,4607,NA,26
2015,2018,2018,NA,25
2015,306,0306,NA,24
2015,2207,2207,NA,21
2015,4118,4118,NA,21
2015,111,0111,NA,19
2015,814,0814,NA,19
2015,4307,4307,NA,19
2015,4502,4502,NA,18
2015,909,0909,NA,16
2015,1807,1807,NA,16
2015,4408,4408,NA,16
2015,4811,4811,NA,16
2015,210,0210,NA,15
2015,1411,1411,NA,15
2015,4711,4711,NA,15
2015,1615,1615,NA,14
2015,3019,3019,NA,14
2015,4908,4908,NA,14
2015,3720,3720,NA,13
2015,4214,4214,NA,13
2015,409,0409,NA,11
2015,2503,2503,NA,11
2015,815,0815,NA,10
2015,1412,1412,NA,9
2015,1509,1509,NA,8
2015,3110,3110,NA,8
2015,4608,4608,NA,8
2015,510,0510,NA,7
2015,1705,1705,NA,7
2015,2307,2307,NA,7
2015,4712,4712,NA,7
2015,4812,4812,NA,7
2015,816,0816,NA,5
2015,910,0910,NA,5
2015,3609,3609,NA,5
2015,4215,4215,NA,5
2015,112,0112,NA,4
2015,211,0211,NA,4
2015,1110,1110,NA,4
2015,1616,1616,NA,4
2015,2208,2208,NA,4
2015,3906,3906,NA,4
2015,4609,4609,NA,4
2015,4813,4813,NA,4
2015,4909,4909,NA,4
2015,511,0511,NA,3
2015,817,0817,NA,3
2015,1413,1413,NA,3
2015,1906,1906,NA,3
2015,4119,4119,NA,3
2015,4713,4713,NA,3
2015,604,0604,NA,2
2015,1004,1004,NA,2
2015,1302,1302,NA,2
2015,1808,1808,NA,2
2015,2107,2107,NA,2
2015,2209,2209,NA,2
2015,2407,2407,NA,2
2015,2603,2603,NA,2
2015,3111,3111,NA,2
2015,3803,3803,NA,2
2015,4120,4120,NA,2
2015,4121,4121,NA,2
2015,4308,4308,NA,2
2015,113,0113,NA,1
2015,212,0212,NA,1
2015,410,0410,NA,1
2015,706,0706,NA,1
2015,818,0818,NA,1
2015,1111,1111,NA,1
2015,1414,1414,NA,1
2015,1415,1415,NA,1
2015,1416,1416,NA,1
2015,2704,2704,NA,1
2015,2805,2805,NA,1
2015,2907,2907,NA,1
2015,3205,3205,NA,1
2015,3406,3406,NA,1
2015,3721,3721,NA,1
2015,4006,4006,NA,1
2015,4610,4610,NA,1
2015,4910,4910,NA,1
2016,3710,3710,NA,27924
2016,4205,4205,NA,25392
2016,3010,3010,NA,25098
2016,4107,4107,NA,23877
2016,3711,3711,NA,22085
2016,3011,3011,NA,19333
2016,3712,3712,NA,16670
2016,4206,4206,NA,16190
2016,3012,3012,NA,14746
2016,4108,4108,NA,14106
2016,4003,4003,NA,12530
2016,1609,1609,NA,12197
2016,3713,3713,NA,11897
2016,1506,1506,NA,11860
2016,2011,2011,NA,11270
2016,3013,3013,NA,10906
2016,3106,3106,NA,9901
2016,206,0206,NA,9800
2016,108,0108,NA,9404
2016,2904,2904,NA,9042
2016,4207,4207,NA,8955
2016,506,0506,NA,8928
2016,4806,4806,NA,8411
2016,3714,3714,NA,8062
2016,704,0704,NA,7982
2016,4109,4109,NA,7943
2016,3014,3014,NA,7813
2016,4706,4706,NA,7636
2016,5005,5005,NA,7014
2016,1804,1804,NA,6985
2016,3606,3606,NA,6093
2016,1107,1107,NA,5410
2016,3015,3015,NA,5382
2016,2105,2105,NA,5364
2016,4904,4904,NA,5097
2016,3715,3715,NA,5057
2016,1610,1610,NA,4904
2016,4603,4603,NA,4781
2016,4208,4208,NA,4251
2016,4110,4110,NA,4245
2016,2305,2305,NA,4243
2016,5006,5006,NA,4033
2016,2012,2012,NA,3661
2016,3016,3016,NA,3649
2016,3904,3904,NA,3591
2016,407,0407,NA,3382
2016,907,0907,NA,3142
2016,3716,3716,NA,3078
2016,305,0305,NA,2887
2016,2405,2405,NA,2817
2016,810,0810,NA,2647
2016,4305,4305,NA,2597
2016,4807,4807,NA,2498
2016,3107,3107,NA,2489
2016,4707,4707,NA,2382
2016,3017,3017,NA,2361
2016,1703,1703,NA,2325
2016,4111,4111,NA,2288
2016,5007,5007,NA,2270
2016,3404,3404,NA,2149
2016,1404,1404,NA,2145
2016,4004,4004,NA,2107
2016,1611,1611,NA,2031
2016,4406,4406,NA,2015
2016,207,0207,NA,1977
2016,2205,2205,NA,1927
2016,1507,1507,NA,1925
2016,4209,4209,NA,1908
2016,3717,3717,NA,1773
2016,507,0507,NA,1764
2016,3018,3018,NA,1511
2016,109,0109,NA,1377
2016,3503,3503,NA,1305
2016,4112,4112,NA,1271
2016,2013,2013,NA,1199
2016,3802,3802,NA,1164
2016,4905,4905,NA,1149
2016,3607,3607,NA,1136
2016,4604,4604,NA,1128
2016,5008,5008,NA,1123
2016,2905,2905,NA,1003
2016,3718,3718,NA,979
2016,1805,1805,NA,907
2016,4708,4708,NA,887
2016,4210,4210,NA,805
2016,4808,4808,NA,793
2016,4113,4113,NA,698
2016,1405,1405,NA,695
2016,1612,1612,NA,659
2016,1002,1002,NA,650
2016,1108,1108,NA,606
2016,5009,5009,NA,596
2016,3108,3108,NA,546
2016,208,0208,NA,471
2016,603,0603,NA,442
2016,2014,2014,NA,418
2016,4605,4605,NA,410
2016,1406,1406,NA,408
2016,811,0811,NA,378
2016,4114,4114,NA,361
2016,4211,4211,NA,337
2016,4906,4906,NA,293
2016,1407,1407,NA,287
2016,1905,1905,NA,280
2016,4809,4809,NA,268
2016,2106,2106,NA,264
2016,508,0508,NA,257
2016,408,0408,NA,251
2016,2206,2206,NA,233
2016,908,0908,NA,226
2016,4306,4306,NA,223
2016,4709,4709,NA,218
2016,3905,3905,NA,216
2016,2306,2306,NA,207
2016,3304,3304,NA,205
2016,4115,4115,NA,203
2016,1613,1613,NA,192
2016,4005,4005,NA,186
2016,2015,2015,NA,178
2016,1408,1408,NA,174
2016,1704,1704,NA,173
2016,110,0110,NA,165
2016,2703,2703,NA,158
2016,3608,3608,NA,157
2016,4407,4407,NA,149
2016,3204,3204,NA,143
2016,1508,1508,NA,134
2016,1806,1806,NA,134
2016,209,0209,NA,133
2016,4212,4212,NA,131
2016,3109,3109,NA,125
2016,4606,4606,NA,121
2016,705,0705,NA,118
2016,2804,2804,NA,112
2016,4116,4116,NA,106
2016,2016,2016,NA,105
2016,2906,2906,NA,105
2016,4810,4810,NA,99
2016,1409,1409,NA,90
2016,4710,4710,NA,88
2016,4907,4907,NA,86
2016,1109,1109,NA,85
2016,812,0812,NA,82
2016,3719,3719,NA,81
2016,4117,4117,NA,63
2016,1614,1614,NA,60
2016,2017,2017,NA,60
2016,4213,4213,NA,56
2016,1003,1003,NA,51
2016,2406,2406,NA,50
2016,1410,1410,NA,48
2016,3405,3405,NA,47
2016,210,0210,NA,45
2016,509,0509,NA,40
2016,3019,3019,NA,39
2016,2018,2018,NA,37
2016,4811,4811,NA,36
2016,4711,4711,NA,35
2016,111,0111,NA,34
2016,4607,4607,NA,34
2016,4118,4118,NA,33
2016,409,0409,NA,28
2016,813,0813,NA,28
2016,3110,3110,NA,28
2016,4307,4307,NA,28
2016,1807,1807,NA,27
2016,909,0909,NA,25
2016,3720,3720,NA,25
2016,2207,2207,NA,24
2016,4214,4214,NA,23
2016,306,0306,NA,22
2016,1411,1411,NA,22
2016,4502,4502,NA,20
2016,4908,4908,NA,19
2016,1705,1705,NA,18
2016,4712,4712,NA,15
2016,211,0211,NA,14
2016,510,0510,NA,13
2016,1302,1302,NA,13
2016,4608,4608,NA,13
2016,1110,1110,NA,12
2016,1615,1615,NA,12
2016,212,0212,NA,11
2016,4812,4812,NA,11
2016,814,0814,NA,10
2016,1509,1509,NA,10
2016,2107,2107,NA,10
2016,3020,3020,NA,10
2016,4215,4215,NA,10
2016,4006,4006,NA,9
2016,3504,3504,NA,8
2016,3609,3609,NA,8
2016,3906,3906,NA,8
2016,112,0112,NA,7
2016,604,0604,NA,7
2016,1412,1412,NA,7
2016,3721,3721,NA,7
2016,4713,4713,NA,7
2016,1004,1004,NA,6
2016,4408,4408,NA,6
2016,910,0910,NA,5
2016,1808,1808,NA,5
2016,2603,2603,NA,5
2016,3111,3111,NA,5
2016,3803,3803,NA,5
2016,4909,4909,NA,5
2016,706,0706,NA,4
2016,2307,2307,NA,4
2016,2503,2503,NA,4
2016,4308,4308,NA,4
2016,4813,4813,NA,4
2016,5010,5010,NA,4
2016,213,0213,NA,3
2016,511,0511,NA,3
2016,1111,1111,NA,3
2016,1413,1413,NA,3
2016,2208,2208,NA,3
2016,2704,2704,NA,3
2016,3021,3021,NA,3
2016,3722,3722,NA,3
2016,4119,4119,NA,3
2016,4216,4216,NA,3
2016,4609,4609,NA,3
2016,5011,5011,NA,3
2016,113,0113,NA,2
2016,410,0410,NA,2
2016,1414,1414,NA,2
2016,1415,1415,NA,2
2016,1416,1416,NA,2
2016,2019,2019,NA,2
2016,2407,2407,NA,2
2016,2805,2805,NA,2
2016,3022,3022,NA,2
2016,3112,3112,NA,2
2016,3610,3610,NA,2
2016,4217,4217,NA,2
2016,4218,4218,NA,2
2016,4610,4610,NA,2
2016,4714,4714,NA,2
2016,4814,4814,NA,2
2016,1417,1417,NA,1
2016,1418,1418,NA,1
2016,1510,1510,NA,1
2016,1706,1706,NA,1
2016,2209,2209,NA,1
2016,3023,3023,NA,1
2016,3723,3723,NA,1
2016,3907,3907,NA,1
2016,4120,4120,NA,1
2016,4121,4121,NA,1
2016,4122,4122,NA,1
2016,4715,4715,NA,1
2016,4910,4910,NA,1
2016,5012,5012,NA,1
